Entry,Entered,Emailed,Course Provider,Course,Language,Start Date,Start Time,End Time,Web Address,Password,Street,Rm/Fl,City,State,ZIP,TrainingLocationID,Instructor,Price,Private,Canceled,Code,CP ID,Borough,Location,Title,Description,End,CPphone,CPwebsite,CourseID,CourseTopic,SST,ShortAddress,Lat,Long,OrgType
1,1/21/2021,12/20/2021,School Of Construction Safety LLC,32-Hour Supported Scaffold Installer and Remover,Spanish,1/30/2021,8:00 AM,4:30 PM,,,10-40 45th Avenue,3rd floor,Long Island City,NY,11101,TL001,George Ceballos,,,,SCA-102,4Q56,Queens,"10-40 45th Avenue #3rd floor, Long Island City, NY 11101",32-Hour Supported Scaffold Installer and Remover,Provider: School Of Construction Safety LLC; Instructor: George Ceballos (Language: Spanish),1/30/2021,718-440-9896,https://www.nycosha.com/,C42,Scaffold Courses,N,10-40 45th Avenue 11101,40.747583,-73.950657,Non-Union
2,1/21/2021,12/20/2021,School Of Construction Safety LLC,32-Hour Supported Scaffold Installer and Remover,Spanish,1/31/2021,8:00 AM,4:30 PM,,,10-40 45th Avenue,3rd floor,Long Island City,NY,11101,TL001,George Ceballos,,,,SCA-102,4Q56,Queens,"10-40 45th Avenue #3rd floor, Long Island City, NY 11101",32-Hour Supported Scaffold Installer and Remover,Provider: School Of Construction Safety LLC; Instructor: George Ceballos (Language: Spanish),1/31/2021,718-440-9896,https://www.nycosha.com/,C42,Scaffold Courses,N,10-40 45th Avenue 11101,40.747583,-73.950657,Non-Union
3,1/21/2021,12/20/2021,School Of Construction Safety LLC,32-Hour Supported Scaffold Installer and Remover,Spanish,2/1/2021,4:30 PM,9:00 PM,,,10-40 45th Avenue,3rd floor,Long Island City,NY,11101,TL001,George Ceballos,,,,SCA-102,4Q56,Queens,"10-40 45th Avenue #3rd floor, Long Island City, NY 11101",32-Hour Supported Scaffold Installer and Remover,Provider: School Of Construction Safety LLC; Instructor: George Ceballos (Language: Spanish),2/1/2021,718-440-9896,https://www.nycosha.com/,C42,Scaffold Courses,N,10-40 45th Avenue 11101,40.747583,-73.950657,Non-Union
4,1/21/2021,12/20/2021,School Of Construction Safety LLC,32-Hour Supported Scaffold Installer and Remover,Spanish,2/2/2021,4:30 PM,9:00 PM,,,10-40 45th Avenue,3rd floor,Long Island City,NY,11101,TL001,George Ceballos,,,,SCA-102,4Q56,Queens,"10-40 45th Avenue #3rd floor, Long Island City, NY 11101",32-Hour Supported Scaffold Installer and Remover,Provider: School Of Construction Safety LLC; Instructor: George Ceballos (Language: Spanish),2/2/2021,718-440-9896,https://www.nycosha.com/,C42,Scaffold Courses,N,10-40 45th Avenue 11101,40.747583,-73.950657,Non-Union
5,12/8/2020,12/8/2020,Able Safety Consulting LLC,4-Hour Supported Scaffold User and Refresher,Spanish,2/6/2021,3:00 PM,7:30 PM,,,110 E 167th St,,Bronx,NY,10456,TL002,Helen Marte,$150 ,No,,SCA-201,4L01,Bronx,"110 E 167th St, Bronx, NY 10456",4-Hour Supported Scaffold User and Refresher,Provider: Able Safety Consulting LLC; Instructor: Helen Marte (Language: Spanish),2/6/2021,718-593-4789,https://www.ablesafety.com/,C34,Prescribed Courses,Y,110 E 167th St 10456,40.834719,-73.919359,Non-Union
6,12/8/2020,12/8/2020,Able Safety Consulting LLC,4-Hour Supported Scaffold User and Refresher,English,2/7/2021,3:00 PM,7:30 PM,,,110 E 167th St,,Bronx,NY,10456,TL002,Helen Marte,$150 ,No,,SCA-201,4L01,Bronx,"110 E 167th St, Bronx, NY 10456",4-Hour Supported Scaffold User and Refresher,Provider: Able Safety Consulting LLC; Instructor: Helen Marte (Language: English),2/7/2021,718-593-4789,https://www.ablesafety.com/,C34,Prescribed Courses,Y,110 E 167th St 10456,40.834719,-73.919359,Non-Union
7,1/25/2021,1/23/2021,Able Safety Consulting LLC,4-Hour Supported Scaffold User and Refresher,Spanish,2/27/2021,3:00 PM,7:30 PM,,,110 E 167th St,,Bronx,NY,10456,TL002,Helen Marte,$150 ,No,,SCA-201,4L01,Bronx,"110 E 167th St, Bronx, NY 10456",4-Hour Supported Scaffold User and Refresher,Provider: Able Safety Consulting LLC; Instructor: Helen Marte (Language: Spanish),2/27/2021,718-593-4789,https://www.ablesafety.com/,C34,Prescribed Courses,Y,110 E 167th St 10456,40.834719,-73.919359,Non-Union
8,1/25/2021,1/23/2021,Able Safety Consulting LLC,4-Hour Supported Scaffold User and Refresher,English,2/28/2021,3:00 PM,7:30 PM,,,110 E 167th St,,Bronx,NY,10456,TL002,Helen Marte,$150 ,No,,SCA-201,4L01,Bronx,"110 E 167th St, Bronx, NY 10456",4-Hour Supported Scaffold User and Refresher,Provider: Able Safety Consulting LLC; Instructor: Helen Marte (Language: English),2/28/2021,718-593-4789,https://www.ablesafety.com/,C34,Prescribed Courses,Y,110 E 167th St 10456,40.834719,-73.919359,Non-Union
9,1/25/2021,1/23/2021,Able Safety Consulting LLC,4-Hour Supported Scaffold User and Refresher,English,3/13/2021,3:00 PM,7:30 PM,,,110 E 167th St,,Bronx,NY,10456,TL002,Helen Marte,$150 ,No,,SCA-201,4L01,Bronx,"110 E 167th St, Bronx, NY 10456",4-Hour Supported Scaffold User and Refresher,Provider: Able Safety Consulting LLC; Instructor: Helen Marte (Language: English),3/13/2021,718-593-4789,https://www.ablesafety.com/,C34,Prescribed Courses,Y,110 E 167th St 10456,40.834719,-73.919359,Non-Union
10,1/25/2021,1/23/2021,Able Safety Consulting LLC,4-Hour Supported Scaffold User and Refresher,English,3/14/2021,3:00 PM,7:30 PM,,,110 E 167th St,,Bronx,NY,10456,TL002,Helen Marte,$150 ,No,,SCA-201,4L01,Bronx,"110 E 167th St, Bronx, NY 10456",4-Hour Supported Scaffold User and Refresher,Provider: Able Safety Consulting LLC; Instructor: Helen Marte (Language: English),3/14/2021,718-593-4789,https://www.ablesafety.com/,C34,Prescribed Courses,Y,110 E 167th St 10456,40.834719,-73.919359,Non-Union
11,12/29/2020,12/29/2020,Menotti Enterprise LLC,32-Hour Supported Scaffold Installer and Remover,English,1/30/2021,8:00 AM,4:30 PM,,,1250 Waters Place.,1202,Bronx,NY,10461,TL003,Jorge Martinez,$500 ,,,SCA-102,4B74,Bronx,"1250 Waters Place. #1202, Bronx, NY 10461",32-Hour Supported Scaffold Installer and Remover,Provider: Menotti Enterprise LLC; Instructor: Jorge Martinez (Language: English),1/31/2021,844-723-3692,https://www.menottienterprise.com/,C42,Scaffold Courses,N,1250 Waters Place. 10461,40.852771,-73.838851,Non-Union
12,12/29/2020,12/29/2020,Menotti Enterprise LLC,32-Hour Supported Scaffold Installer and Remover,English,1/31/2021,8:00 AM,4:30 PM,,,1250 Waters Place.,1202,Bronx,NY,10461,TL003,Jorge Martinez,$500 ,,,SCA-102,4B74,Bronx,"1250 Waters Place. #1202, Bronx, NY 10461",32-Hour Supported Scaffold Installer and Remover,Provider: Menotti Enterprise LLC; Instructor: Jorge Martinez (Language: English),2/1/2021,844-723-3692,https://www.menottienterprise.com/,C42,Scaffold Courses,N,1250 Waters Place. 10461,40.852771,-73.838851,Non-Union
13,1/25/2021,1/25/2021,Metropolitan Learning Institute,2-Hour Tool Box Talks,English,1/28/2021,5:00 PM,7:00 PM,,,177-16 Wexford Terrace,Office 2,Jamaica,NY,11432,TL004,Md Sultan Tharani,,,,SST-304,1BQ45,Queens,"177-16 Wexford Terrace #Office 2, Jamaica, NY 11432",2-Hour Tool Box Talks,Provider: Metropolitan Learning Institute; Instructor: Md Sultan Tharani (Language: English),1/28/2021,718-897-0482,https://www.gettraining.org/,C29,Prescribed Courses,Y,177-16 Wexford Terrace 11432,40.712754,-73.786385,Non-Union
14,1/25/2021,1/25/2021,Metropolitan Learning Institute,2-Hour Site Safety Plan (SSP),English,1/28/2021,7:30 PM,9:30 PM,,,177-16 Wexford Terrace,Office 2,Jamaica,NY,11432,TL004,Md Sultan Tharani,,,,SST-301,1BQ45,Queens,"177-16 Wexford Terrace #Office 2, Jamaica, NY 11432",2-Hour Site Safety Plan (SSP),Provider: Metropolitan Learning Institute; Instructor: Md Sultan Tharani (Language: English),1/28/2021,718-897-0482,https://www.gettraining.org/,C32,Prescribed Courses,Y,177-16 Wexford Terrace 11432,40.712754,-73.786385,Non-Union
15,1/25/2021,1/25/2021,Metropolitan Learning Institute,2-Hour Pre-Task Meeting,English,1/28/2021,9:30 PM,11:30 PM,,,177-16 Wexford Terrace,Office 2,Jamaica,NY,11432,TL004,Md Sultan Tharani,,,,SST-303,1BQ45,Queens,"177-16 Wexford Terrace #Office 2, Jamaica, NY 11432",2-Hour Pre-Task Meeting,Provider: Metropolitan Learning Institute; Instructor: Md Sultan Tharani (Language: English),1/28/2021,718-897-0482,https://www.gettraining.org/,C31,Prescribed Courses,Y,177-16 Wexford Terrace 11432,40.712754,-73.786385,Non-Union
16,1/25/2021,1/25/2021,Metropolitan Learning Institute,4-Hour Supported Scaffold User and Refresher,English,1/29/2021,5:00 PM,9:30 PM,,,177-16 Wexford Terrace,Office 2,Jamaica,NY,11432,TL004,Md Sultan Tharani,,,,SCA-201,1BQ45,Queens,"177-16 Wexford Terrace #Office 2, Jamaica, NY 11432",4-Hour Supported Scaffold User and Refresher,Provider: Metropolitan Learning Institute; Instructor: Md Sultan Tharani (Language: English),1/29/2021,718-897-0482,https://www.gettraining.org/,C34,Prescribed Courses,Y,177-16 Wexford Terrace 11432,40.712754,-73.786385,Non-Union
17,1/25/2021,1/25/2021,Metropolitan Learning Institute,1-Hour Flag Person,English,1/29/2021,9:30 PM,10:30 PM,,,177-16 Wexford Terrace,Office 2,Jamaica,NY,11432,TL004,Md Sultan Tharani,,,,SST-208,1BQ45,Queens,"177-16 Wexford Terrace #Office 2, Jamaica, NY 11432",1-Hour Flag Person,Provider: Metropolitan Learning Institute; Instructor: Md Sultan Tharani (Language: English),1/29/2021,718-897-0482,https://www.gettraining.org/,C55,Specialized Elective Courses,Y,177-16 Wexford Terrace 11432,40.712754,-73.786385,Non-Union
18,1/25/2021,1/25/2021,Metropolitan Learning Institute,1-Hour Confined Space Entry,English,1/29/2021,10:30 PM,11:30 PM,,,177-16 Wexford Terrace,Office 2,Jamaica,NY,11432,TL004,Md Sultan Tharani,,,,SST-202,1BQ45,Queens,"177-16 Wexford Terrace #Office 2, Jamaica, NY 11432",1-Hour Confined Space Entry,Provider: Metropolitan Learning Institute; Instructor: Md Sultan Tharani (Language: English),1/29/2021,718-897-0482,https://www.gettraining.org/,C50,Specialized Elective Courses,Y,177-16 Wexford Terrace 11432,40.712754,-73.786385,Non-Union
19,1/25/2021,1/25/2021,Metropolitan Learning Institute,8-Hour Fall Prevention,English,1/30/2021,8:00 AM,4:30 PM,,,177-16 Wexford Terrace,Office 2,Jamaica,NY,11432,TL004,Arbaaz Tharani,,,,SST-307,1BQ45,Queens,"177-16 Wexford Terrace #Office 2, Jamaica, NY 11432",8-Hour Fall Prevention,Provider: Metropolitan Learning Institute; Instructor: Arbaaz Tharani (Language: English),1/30/2021,718-897-0482,https://www.gettraining.org/,C35,Prescribed Courses,Y,177-16 Wexford Terrace 11432,40.712754,-73.786385,Non-Union
20,1/25/2021,1/25/2021,Metropolitan Learning Institute,2-Hour Drug and Alcohol Awareness,English,1/30/2021,4:30 PM,6:30 PM,,,177-16 Wexford Terrace,Office 2,Jamaica,NY,11432,TL004,Arbaaz Tharani,,,,SST-302,1BQ45,Queens,"177-16 Wexford Terrace #Office 2, Jamaica, NY 11432",2-Hour Drug and Alcohol Awareness,Provider: Metropolitan Learning Institute; Instructor: Arbaaz Tharani (Language: English),1/30/2021,718-897-0482,https://www.gettraining.org/,C30,Prescribed Courses,Y,177-16 Wexford Terrace 11432,40.712754,-73.786385,Non-Union
21,1/25/2021,1/25/2021,Metropolitan Learning Institute,8-Hour Site Safety Manager Refresher/Chapter 33,English,1/31/2021,8:00 AM,4:30 PM,,,177-16 Wexford Terrace,Office 2,Jamaica,NY,11432,TL004,Arbaaz Tharani,,,,SAF-202,1BQ45,Queens,"177-16 Wexford Terrace #Office 2, Jamaica, NY 11432",8-Hour Site Safety Manager Refresher/Chapter 33,Provider: Metropolitan Learning Institute; Instructor: Arbaaz Tharani (Language: English),1/31/2021,718-897-0482,https://www.gettraining.org/,C36,Prescribed Courses,Y,177-16 Wexford Terrace 11432,40.712754,-73.786385,Non-Union
22,1/25/2021,1/25/2021,Metropolitan Learning Institute,1-Hour Protection From Sun Exposure,English,1/31/2021,4:30 PM,5:30 PM,,,177-16 Wexford Terrace,Office 2,Jamaica,NY,11432,TL004,Arbaaz Tharani,,,,SST-108,1BQ45,Queens,"177-16 Wexford Terrace #Office 2, Jamaica, NY 11432",1-Hour Protection From Sun Exposure,Provider: Metropolitan Learning Institute; Instructor: Arbaaz Tharani (Language: English),1/31/2021,718-897-0482,https://www.gettraining.org/,C22,General Elective Courses,Y,177-16 Wexford Terrace 11432,40.712754,-73.786385,Non-Union
23,1/25/2021,1/25/2021,Metropolitan Learning Institute,1-Hour First Aid and CPR,English,1/31/2021,5:30 PM,6:30 PM,,,177-16 Wexford Terrace,Office 2,Jamaica,NY,11432,TL004,Arbaaz Tharani,,,,SST-104,1BQ45,Queens,"177-16 Wexford Terrace #Office 2, Jamaica, NY 11432",1-Hour First Aid and CPR,Provider: Metropolitan Learning Institute; Instructor: Arbaaz Tharani (Language: English),1/31/2021,718-897-0482,https://www.gettraining.org/,C18,General Elective Courses,Y,177-16 Wexford Terrace 11432,40.712754,-73.786385,Non-Union
24,1/19/2021,1/19/2021,All Eyes On Safety Inc.,1-Hour First Aid and CPR,English,1/28/2021,2:00 PM,3:00 PM,,,2301 41st Avenue,1A,Long Island City,NY,11101,TL005,Joshua Gibbs,,,,SST-104,4Q89,Queens,"2301 41st Avenue #1A, Long Island City, NY 11101",1-Hour First Aid and CPR,Provider: All Eyes On Safety Inc.; Instructor: Joshua Gibbs (Language: English),1/28/2021,718-391-0790,https://www.alleyesonsafety.com/,C18,General Elective Courses,Y,2301 41st Avenue 11101,40.753089,-73.940222,Non-Union
25,1/19/2021,1/19/2021,All Eyes On Safety Inc.,1-Hour Flag Person,English,1/28/2021,3:00 PM,4:00 PM,,,2301 41st Avenue,1A,Long Island City,NY,11101,TL005,Joshua Gibbs,,,,SST-208,4Q89,Queens,"2301 41st Avenue #1A, Long Island City, NY 11101",1-Hour Flag Person,Provider: All Eyes On Safety Inc.; Instructor: Joshua Gibbs (Language: English),1/28/2021,718-391-0790,https://www.alleyesonsafety.com/,C55,Specialized Elective Courses,Y,2301 41st Avenue 11101,40.753089,-73.940222,Non-Union
26,1/19/2021,1/19/2021,All Eyes On Safety Inc.,1-Hour Protection From Sun Exposure,English,1/28/2021,4:00 PM,5:00 PM,,,2301 41st Avenue,1A,Long Island City,NY,11101,TL005,Joshua Gibbs,,,,SST-108,4Q89,Queens,"2301 41st Avenue #1A, Long Island City, NY 11101",1-Hour Protection From Sun Exposure,Provider: All Eyes On Safety Inc.; Instructor: Joshua Gibbs (Language: English),1/28/2021,718-391-0790,https://www.alleyesonsafety.com/,C22,General Elective Courses,Y,2301 41st Avenue 11101,40.753089,-73.940222,Non-Union
27,1/19/2021,1/19/2021,All Eyes On Safety Inc.,4-Hour Supported Scaffold User and Refresher,English,1/28/2021,5:00 PM,9:30 PM,,,2301 41st Avenue,1A,Long Island City,NY,11101,TL005,Joshua Gibbs,,,,SCA-201,4Q89,Queens,"2301 41st Avenue #1A, Long Island City, NY 11101",4-Hour Supported Scaffold User and Refresher,Provider: All Eyes On Safety Inc.; Instructor: Joshua Gibbs (Language: English),1/28/2021,718-391-0790,https://www.alleyesonsafety.com/,C34,Prescribed Courses,Y,2301 41st Avenue 11101,40.753089,-73.940222,Non-Union
28,1/19/2021,1/19/2021,All Eyes On Safety Inc.,8-Hour Site Safety Manager Refresher/Chapter 33,English,1/29/2021,2:00 PM,10:30 PM,,,2301 41st Avenue,1A,Long Island City,NY,11101,TL005,Joshua Gibbs,,,,SAF-202,4Q89,Queens,"2301 41st Avenue #1A, Long Island City, NY 11101",8-Hour Site Safety Manager Refresher/Chapter 33,Provider: All Eyes On Safety Inc.; Instructor: Joshua Gibbs (Language: English),1/29/2021,718-391-0790,https://www.alleyesonsafety.com/,C36,Prescribed Courses,Y,2301 41st Avenue 11101,40.753089,-73.940222,Non-Union
29,1/19/2021,1/19/2021,All Eyes On Safety Inc.,8-Hour Fall Prevention,English,1/30/2021,7:00 AM,3:30 PM,,,2301 41st Avenue,1A,Long Island City,NY,11101,TL005,Joshua Gibbs,,,,SST-307,4Q89,Queens,"2301 41st Avenue #1A, Long Island City, NY 11101",8-Hour Fall Prevention,Provider: All Eyes On Safety Inc.; Instructor: Joshua Gibbs (Language: English),1/30/2021,718-391-0790,https://www.alleyesonsafety.com/,C35,Prescribed Courses,Y,2301 41st Avenue 11101,40.753089,-73.940222,Non-Union
30,1/19/2021,1/19/2021,All Eyes On Safety Inc.,2-Hour Drug and Alcohol Awareness,English,1/30/2021,3:30 PM,5:30 PM,,,2301 41st Avenue,1A,Long Island City,NY,11101,TL005,Joshua Gibbs,,,,SST-302,4Q89,Queens,"2301 41st Avenue #1A, Long Island City, NY 11101",2-Hour Drug and Alcohol Awareness,Provider: All Eyes On Safety Inc.; Instructor: Joshua Gibbs (Language: English),1/30/2021,718-391-0790,https://www.alleyesonsafety.com/,C30,Prescribed Courses,Y,2301 41st Avenue 11101,40.753089,-73.940222,Non-Union
31,1/25/2021,1/22/2021,SAFCO Construction Safety Services,8-Hour Fall Prevention,Spanish,1/30/2021,8:00 AM,4:00 PM,,,236 Fulton Av,2nd Floor,Hempstead,Ny,11550,TL006,Martinez,,,,SST-307,4Q53,Outside NYC,"236 Fulton Av #2nd Floor, Hempstead, Ny 11550",8-Hour Fall Prevention,Provider: SAFCO Construction Safety Services; Instructor: Martinez (Language: Spanish),1/30/2021,929-296-0303,https://safcoconstructionservices.com/,C35,Prescribed Courses,Y,236 Fulton Av 11550,40.70741488,-73.62662883,Non-Union
32,1/25/2021,1/22/2021,SAFCO Construction Safety Services,2-Hour Drug and Alcohol Awareness,Spanish,1/30/2021,6:00 PM,8:00 PM,,,236 Fulton Av,2nd Floor,Hempstead,Ny,11550,TL006,Martinez,,,,SST-302,4Q53,Outside NYC,"236 Fulton Av #2nd Floor, Hempstead, Ny 11550",2-Hour Drug and Alcohol Awareness,Provider: SAFCO Construction Safety Services; Instructor: Martinez (Language: Spanish),1/30/2021,929-296-0303,https://safcoconstructionservices.com/,C30,Prescribed Courses,Y,236 Fulton Av 11550,40.70741488,-73.62662883,Non-Union
33,1/21/2021,12/20/2021,SAFCO Construction Safety Services,8-Hour Fall Prevention,Spanish,2/6/2021,8:00 AM,4:00 PM,,,238 Ferry st,,Newark,NJ,7105,TL007,P. Auquilla,,,,SST-307,4Q53,Outside NYC,"238 Ferry st, Newark, NJ 07105",8-Hour Fall Prevention,Provider: SAFCO Construction Safety Services; Instructor: P. Auquilla (Language: Spanish),2/6/2021,929-296-0303,https://safcoconstructionservices.com/,C35,Prescribed Courses,Y,238 Ferry st 07105,40.728371,-74.154218,Non-Union
34,1/21/2021,12/20/2021,SAFCO Construction Safety Services,2-Hour Drug and Alcohol Awareness,Spanish,2/6/2021,4:00 PM,6:00 PM,,,238 Ferry st,,Newark,NJ,7105,TL007,P. Auquilla,,,,SST-302,4Q53,Outside NYC,"238 Ferry st, Newark, NJ 07105",2-Hour Drug and Alcohol Awareness,Provider: SAFCO Construction Safety Services; Instructor: P. Auquilla (Language: Spanish),2/6/2021,929-296-0303,https://safcoconstructionservices.com/,C30,Prescribed Courses,Y,238 Ferry st 07105,40.728371,-74.154218,Non-Union
35,12/22/2020,12/21/2020,ABC Safety Group,8-Hour Fall Prevention,English,1/31/2021,9:00 AM,5:00 PM,,,256 East 138 Street,Suite 209,Bronx,NY,10451,TL008,Carlos Simpson,,,,SST-307,4Q01,Bronx,"256 East 138 Street #Suite 209, Bronx, NY 10451",8-Hour Fall Prevention,Provider: ABC Safety Group; Instructor: Carlos Simpson (Language: English),1/31/2021,718-307-8133,https://www.abcsafetygroup.com/,C35,Prescribed Courses,Y,256 East 138 Street 10451,40.811194,-73.927891,Non-Union
36,12/22/2020,12/21/2020,ABC Safety Group,2-Hour Drug and Alcohol Awareness,English,1/31/2021,5:00 PM,7:00 PM,,,256 East 138 Street,Suite 209,Bronx,NY,10451,TL008,Carlos Simpson,,,,SST-302,4Q01,Bronx,"256 East 138 Street #Suite 209, Bronx, NY 10451",2-Hour Drug and Alcohol Awareness,Provider: ABC Safety Group; Instructor: Carlos Simpson (Language: English),1/31/2021,718-307-8133,https://www.abcsafetygroup.com/,C30,Prescribed Courses,Y,256 East 138 Street 10451,40.811194,-73.927891,Non-Union
37,12/8/2020,12/8/2020,Able Safety Consulting LLC,2-Hour Drug and Alcohol Awareness,English,2/21/2021,5:00 PM,7:30 PM,,,29 East Fordham Road,,Bronx,NY,10468,TL009,Diana Wooden,$65 ,No,,SST-302,4L01,Bronx,"29 East Fordham Road, Bronx, NY 10468",2-Hour Drug and Alcohol Awareness,Provider: Able Safety Consulting LLC; Instructor: Diana Wooden (Language: English),2/21/2021,718-593-4789,https://www.ablesafety.com/,C30,Prescribed Courses,Y,29 East Fordham Road 10468,40.862556,-73.899642,Non-Union
38,12/8/2020,12/8/2020,Able Safety Consulting LLC,2-Hour Drug and Alcohol Awareness,English,2/7/2021,5:00 PM,7:30 PM,,,29 East Fordham Road,,Bronx,NY,10468,TL009,Diana Wooden,$65 ,No,,SST-302,4L01,Bronx,"29 East Fordham Road, Bronx, NY 10468",2-Hour Drug and Alcohol Awareness,Provider: Able Safety Consulting LLC; Instructor: Diana Wooden (Language: English),2/7/2021,718-593-4789,https://www.ablesafety.com/,C30,Prescribed Courses,Y,29 East Fordham Road 10468,40.862556,-73.899642,Non-Union
39,12/8/2020,12/8/2020,Able Safety Consulting LLC,8-Hour Fall Prevention,English,2/7/2021,8:00 AM,5:00 PM,,,29 East Fordham Road,,Bronx,NY,10468,TL009,Diana Wooden,$225 ,No,,SST-307,4L01,Bronx,"29 East Fordham Road, Bronx, NY 10468",8-Hour Fall Prevention,Provider: Able Safety Consulting LLC; Instructor: Diana Wooden (Language: English),2/7/2021,718-593-4789,https://www.ablesafety.com/,C35,Prescribed Courses,Y,29 East Fordham Road 10468,40.862556,-73.899642,Non-Union
40,12/8/2020,12/8/2020,Able Safety Consulting LLC,8-Hour Fall Prevention,Spanish,2/6/2021,8:00 AM,5:00 PM,,,29 East Fordham Road,,Bronx,NY,10468,TL009,Diana Wooden,$225 ,No,,SST-307,4L01,Bronx,"29 East Fordham Road, Bronx, NY 10468",8-Hour Fall Prevention,Provider: Able Safety Consulting LLC; Instructor: Diana Wooden (Language: Spanish),2/6/2021,718-593-4789,https://www.ablesafety.com/,C35,Prescribed Courses,Y,29 East Fordham Road 10468,40.862556,-73.899642,Non-Union
41,1/25/2021,1/23/2021,Able Safety Consulting LLC,8-Hour Fall Prevention,Spanish,2/13/2021,8:00 AM,5:00 PM,,,29 East Fordham Road,,Bronx,NY,10468,TL009,Diana Wooden,$225 ,No,,SST-307,4L01,Bronx,"29 East Fordham Road, Bronx, NY 10468",8-Hour Fall Prevention,Provider: Able Safety Consulting LLC; Instructor: Diana Wooden (Language: Spanish),2/13/2021,718-593-4789,https://www.ablesafety.com/,C35,Prescribed Courses,Y,29 East Fordham Road 10468,40.862556,-73.899642,Non-Union
42,1/25/2021,1/23/2021,Able Safety Consulting LLC,2-Hour Drug and Alcohol Awareness,Spanish,2/13/2021,4:30 PM,7:00 PM,,,29 East Fordham Road,,Bronx,NY,10468,TL009,Diana Wooden,$65 ,No,,SST-302,4L01,Bronx,"29 East Fordham Road, Bronx, NY 10468",2-Hour Drug and Alcohol Awareness,Provider: Able Safety Consulting LLC; Instructor: Diana Wooden (Language: Spanish),2/13/2021,718-593-4789,https://www.ablesafety.com/,C30,Prescribed Courses,Y,29 East Fordham Road 10468,40.862556,-73.899642,Non-Union
43,1/25/2021,1/23/2021,Able Safety Consulting LLC,8-Hour Fall Prevention,English,2/14/2021,8:00 AM,5:00 PM,,,29 East Fordham Road,,Bronx,NY,10468,TL009,Diana Wooden,$225 ,No,,SST-307,4L01,Bronx,"29 East Fordham Road, Bronx, NY 10468",8-Hour Fall Prevention,Provider: Able Safety Consulting LLC; Instructor: Diana Wooden (Language: English),2/14/2021,718-593-4789,https://www.ablesafety.com/,C35,Prescribed Courses,Y,29 East Fordham Road 10468,40.862556,-73.899642,Non-Union
44,1/25/2021,1/23/2021,Able Safety Consulting LLC,2-Hour Drug and Alcohol Awareness,English,2/14/2021,4:30 PM,7:00 PM,,,29 East Fordham Road,,Bronx,NY,10468,TL009,Diana Wooden,$65 ,No,,SST-302,4L01,Bronx,"29 East Fordham Road, Bronx, NY 10468",2-Hour Drug and Alcohol Awareness,Provider: Able Safety Consulting LLC; Instructor: Diana Wooden (Language: English),2/14/2021,718-593-4789,https://www.ablesafety.com/,C30,Prescribed Courses,Y,29 East Fordham Road 10468,40.862556,-73.899642,Non-Union
45,1/25/2021,1/23/2021,Able Safety Consulting LLC,8-Hour Fall Prevention,Spanish,2/27/2021,8:00 AM,5:00 PM,,,29 East Fordham Road,,Bronx,NY,10468,TL009,Diana Wooden,$225 ,No,,SST-307,4L01,Bronx,"29 East Fordham Road, Bronx, NY 10468",8-Hour Fall Prevention,Provider: Able Safety Consulting LLC; Instructor: Diana Wooden (Language: Spanish),2/27/2021,718-593-4789,https://www.ablesafety.com/,C35,Prescribed Courses,Y,29 East Fordham Road 10468,40.862556,-73.899642,Non-Union
46,1/25/2021,1/23/2021,Able Safety Consulting LLC,2-Hour Drug and Alcohol Awareness,Spanish,2/27/2021,4:30 PM,7:00 PM,,,29 East Fordham Road,,Bronx,NY,10468,TL009,Diana Wooden,$65 ,No,,SST-302,4L01,Bronx,"29 East Fordham Road, Bronx, NY 10468",2-Hour Drug and Alcohol Awareness,Provider: Able Safety Consulting LLC; Instructor: Diana Wooden (Language: Spanish),2/27/2021,718-593-4789,https://www.ablesafety.com/,C30,Prescribed Courses,Y,29 East Fordham Road 10468,40.862556,-73.899642,Non-Union
47,1/25/2021,1/23/2021,Able Safety Consulting LLC,8-Hour Fall Prevention,English,2/28/2021,8:00 AM,5:00 PM,,,29 East Fordham Road,,Bronx,NY,10468,TL009,Diana Wooden,$225 ,No,,SST-307,4L01,Bronx,"29 East Fordham Road, Bronx, NY 10468",8-Hour Fall Prevention,Provider: Able Safety Consulting LLC; Instructor: Diana Wooden (Language: English),2/28/2021,718-593-4789,https://www.ablesafety.com/,C35,Prescribed Courses,Y,29 East Fordham Road 10468,40.862556,-73.899642,Non-Union
48,1/25/2021,1/23/2021,Able Safety Consulting LLC,2-Hour Drug and Alcohol Awareness,English,2/28/2021,4:30 PM,7:00 PM,,,29 East Fordham Road,,Bronx,NY,10468,TL009,Diana Wooden,$65 ,No,,SST-302,4L01,Bronx,"29 East Fordham Road, Bronx, NY 10468",2-Hour Drug and Alcohol Awareness,Provider: Able Safety Consulting LLC; Instructor: Diana Wooden (Language: English),2/28/2021,718-593-4789,https://www.ablesafety.com/,C30,Prescribed Courses,Y,29 East Fordham Road 10468,40.862556,-73.899642,Non-Union
49,1/25/2021,1/23/2021,Able Safety Consulting LLC,8-Hour Fall Prevention,English,3/14/2021,8:00 AM,5:00 PM,,,29 East Fordham Road,,Bronx,NY,10468,TL009,Diana Wooden,$225 ,No,,SST-307,4L01,Bronx,"29 East Fordham Road, Bronx, NY 10468",8-Hour Fall Prevention,Provider: Able Safety Consulting LLC; Instructor: Diana Wooden (Language: English),3/14/2021,718-593-4789,https://www.ablesafety.com/,C35,Prescribed Courses,Y,29 East Fordham Road 10468,40.862556,-73.899642,Non-Union
50,1/25/2021,1/23/2021,Able Safety Consulting LLC,8-Hour Fall Prevention,Spanish,3/13/2021,8:00 AM,5:00 PM,,,29 East Fordham Road,,Bronx,NY,10468,TL009,Diana Wooden,$225 ,No,,SST-307,4L01,Bronx,"29 East Fordham Road, Bronx, NY 10468",8-Hour Fall Prevention,Provider: Able Safety Consulting LLC; Instructor: Diana Wooden (Language: Spanish),3/13/2021,718-593-4789,https://www.ablesafety.com/,C35,Prescribed Courses,Y,29 East Fordham Road 10468,40.862556,-73.899642,Non-Union
51,1/25/2021,1/23/2021,Able Safety Consulting LLC,2-Hour Drug and Alcohol Awareness,Spanish,3/13/2021,4:30 PM,7:00 PM,,,29 East Fordham Road,,Bronx,NY,10468,TL009,Diana Wooden,$65 ,No,,SST-302,4L01,Bronx,"29 East Fordham Road, Bronx, NY 10468",2-Hour Drug and Alcohol Awareness,Provider: Able Safety Consulting LLC; Instructor: Diana Wooden (Language: Spanish),3/13/2021,718-593-4789,https://www.ablesafety.com/,C30,Prescribed Courses,Y,29 East Fordham Road 10468,40.862556,-73.899642,Non-Union
52,1/25/2021,1/23/2021,Able Safety Consulting LLC,2-Hour Drug and Alcohol Awareness,English,3/14/2021,4:30 PM,7:00 PM,,,29 East Fordham Road,,Bronx,NY,10468,TL009,Diana Wooden,$65 ,No,,SST-302,4L01,Bronx,"29 East Fordham Road, Bronx, NY 10468",2-Hour Drug and Alcohol Awareness,Provider: Able Safety Consulting LLC; Instructor: Diana Wooden (Language: English),3/14/2021,718-593-4789,https://www.ablesafety.com/,C30,Prescribed Courses,Y,29 East Fordham Road 10468,40.862556,-73.899642,Non-Union
53,1/26/2021,1/25/2021,"NextWave Safety Solutions, Inc.",2-Hour Drug and Alcohol Awareness,English,1/28/2021,8:00 AM,10:00 AM,,,31 Warren Place,,Mount Vernon,NY,10550,TL010,John Sperando,,,,SST-302,4M67,Outside NYC,"31 Warren Place, Mount Vernon, NY 10550",2-Hour Drug and Alcohol Awareness,"Provider: NextWave Safety Solutions, Inc.; Instructor: John Sperando (Language: English)",1/28/2021,212-933-9071,https://nextwavesafety.com/,C30,Prescribed Courses,Y,31 Warren Place 10550,40.89640922,-73.82727036,Non-Union
54,1/26/2021,1/25/2021,"NextWave Safety Solutions, Inc.",8-Hour Fall Prevention,English,1/28/2021,10:00 AM,6:00 PM,,,31 Warren Place,,Mount Vernon,NY,10550,TL010,John Sperando,,,,SST-307,4M67,Outside NYC,"31 Warren Place, Mount Vernon, NY 10550",8-Hour Fall Prevention,"Provider: NextWave Safety Solutions, Inc.; Instructor: John Sperando (Language: English)",1/28/2021,212-933-9071,https://nextwavesafety.com/,C35,Prescribed Courses,Y,31 Warren Place 10550,40.89640922,-73.82727036,Non-Union
55,1/5/2021,1/5/2021,W. D. C. Safety Training Academy,1-Hour Confined Space Entry,,1/28/2021,4:00 PM,11:00 PM,,,310 E 112TH ST,,New York,NY,10027,TL011,Walter Cook,$675 ,,,SST-202,4M01,Manhattan,"310E 112TH ST, New York, NY 10027",1-Hour Confined Space Entry,Provider: W. D. C. Safety Training Academy; Instructor: Walter Cook (Language: ),1/28/2021,718-219-4857,http://www.wdcsafetyllc.com/,C50,Specialized Elective Courses,Y,310E 112TH ST 10027,40.793969,-73.939113,Non-Union
56,1/5/2021,1/5/2021,W. D. C. Safety Training Academy,1-Hour Flag Person,,1/28/2021,4:00 PM,11:00 PM,,,311 E 112TH ST,,New York,NY,10027,TL011,Walter Cook,$675 ,,,SST-208,4M01,Manhattan,"310E 112TH ST, New York, NY 10027",1-Hour Flag Person,Provider: W. D. C. Safety Training Academy; Instructor: Walter Cook (Language: ),1/28/2021,718-219-4857,http://www.wdcsafetyllc.com/,C55,Specialized Elective Courses,Y,310E 112TH ST 10027,40.793969,-73.939113,Non-Union
57,1/5/2021,1/5/2021,W. D. C. Safety Training Academy,2-Hour Drug and Alcohol Awareness,,1/28/2021,4:00 PM,11:00 PM,,,312 E 112TH ST,,New York,NY,10027,TL011,Walter Cook,$675 ,,,SST-302,4M01,Manhattan,"310E 112TH ST, New York, NY 10027",2-Hour Drug and Alcohol Awareness,Provider: W. D. C. Safety Training Academy; Instructor: Walter Cook (Language: ),1/28/2021,718-219-4857,http://www.wdcsafetyllc.com/,C30,Prescribed Courses,Y,310E 112TH ST 10027,40.793969,-73.939113,Non-Union
58,1/5/2021,1/5/2021,W. D. C. Safety Training Academy,8-Hour Fall Prevention,,1/29/2021,4:00 PM,11:00 PM,,,313 E 112TH ST,,New York,NY,10027,TL011,Walter Cook,$675 ,,,SST-307,4M01,Manhattan,"310E 112TH ST, New York, NY 10027",8-Hour Fall Prevention,Provider: W. D. C. Safety Training Academy; Instructor: Walter Cook (Language: ),1/29/2021,718-219-4857,http://www.wdcsafetyllc.com/,C35,Prescribed Courses,Y,310E 112TH ST 10027,40.793969,-73.939113,Non-Union
59,1/26/2021,1/25/2021,W. D. C. Safety Training Academy,8-Hour Fall Prevention,English,2/3/2021,4:00 PM,9:30 PM,,,314 E 112TH ST,,New York,NY,10027,TL011,Daniel Calderon,$255 ,,,SST-307,4M01,Manhattan,"310E 112TH ST, New York, NY 10027",8-Hour Fall Prevention,Provider: W. D. C. Safety Training Academy; Instructor: Daniel Calderon (Language: English),2/3/2021,718-219-4857,http://www.wdcsafetyllc.com/,C35,Prescribed Courses,Y,310E 112TH ST 10027,40.793969,-73.939113,Non-Union
60,1/26/2021,1/25/2021,W. D. C. Safety Training Academy,2-Hour Drug and Alcohol Awareness,English,2/4/2021,4:00 PM,9:30 PM,,,315 E 112TH ST,,New York,NY,10027,TL011,Daniel Calderon,$255 ,,,SST-302,4M01,Manhattan,"310E 112TH ST, New York, NY 10027",2-Hour Drug and Alcohol Awareness,Provider: W. D. C. Safety Training Academy; Instructor: Daniel Calderon (Language: English),2/4/2021,718-219-4857,http://www.wdcsafetyllc.com/,C30,Prescribed Courses,Y,310E 112TH ST 10027,40.793969,-73.939113,Non-Union
61,1/26/2021,1/25/2021,W. D. C. Safety Training Academy,4-Hour Supported Scaffold User and Refresher,English,2/8/2021,4:00 PM,8:30 PM,,,316 E 112TH ST,,New York,NY,10027,TL011,Daniel Calderon,$135 ,,,SCA-201,4M01,Manhattan,"310E 112TH ST, New York, NY 10027",4-Hour Supported Scaffold User and Refresher,Provider: W. D. C. Safety Training Academy; Instructor: Daniel Calderon (Language: English),2/8/2021,718-219-4857,http://www.wdcsafetyllc.com/,C34,Prescribed Courses,Y,310E 112TH ST 10027,40.793969,-73.939113,Non-Union
62,1/26/2021,1/25/2021,W. D. C. Safety Training Academy,8-Hour Fall Prevention,English,2/10/2021,4:00 PM,9:30 PM,,,317 E 112TH ST,,New York,NY,10027,TL011,Daniel Calderon,$255 ,,,SST-307,4M01,Manhattan,"310E 112TH ST, New York, NY 10027",8-Hour Fall Prevention,Provider: W. D. C. Safety Training Academy; Instructor: Daniel Calderon (Language: English),2/10/2021,718-219-4857,http://www.wdcsafetyllc.com/,C35,Prescribed Courses,Y,310E 112TH ST 10027,40.793969,-73.939113,Non-Union
63,1/26/2021,1/25/2021,W. D. C. Safety Training Academy,2-Hour Drug and Alcohol Awareness,English,2/11/2021,4:00 PM,9:30 PM,,,318 E 112TH ST,,New York,NY,10027,TL011,Daniel Calderon,$255 ,,,SST-302,4M01,Manhattan,"310E 112TH ST, New York, NY 10027",2-Hour Drug and Alcohol Awareness,Provider: W. D. C. Safety Training Academy; Instructor: Daniel Calderon (Language: English),2/11/2021,718-219-4857,http://www.wdcsafetyllc.com/,C30,Prescribed Courses,Y,310E 112TH ST 10027,40.793969,-73.939113,Non-Union
64,1/26/2021,1/25/2021,W. D. C. Safety Training Academy,4-Hour Supported Scaffold User and Refresher,English,2/16/2021,4:00 PM,8:30 PM,,,319 E 112TH ST,,New York,NY,10027,TL011,Walter Cook,$135 ,,,SCA-201,4M01,Manhattan,"310E 112TH ST, New York, NY 10027",4-Hour Supported Scaffold User and Refresher,Provider: W. D. C. Safety Training Academy; Instructor: Walter Cook (Language: English),2/16/2021,718-219-4857,http://www.wdcsafetyllc.com/,C34,Prescribed Courses,Y,310E 112TH ST 10027,40.793969,-73.939113,Non-Union
65,1/26/2021,1/25/2021,W. D. C. Safety Training Academy,2-Hour Drug and Alcohol Awareness,English,2/17/2021,4:00 PM,9:30 PM,,,320 E 112TH ST,,New York,NY,10027,TL011,Daniel Calderon,$255 ,,,SST-302,4M01,Manhattan,"310E 112TH ST, New York, NY 10027",2-Hour Drug and Alcohol Awareness,Provider: W. D. C. Safety Training Academy; Instructor: Daniel Calderon (Language: English),2/17/2021,718-219-4857,http://www.wdcsafetyllc.com/,C30,Prescribed Courses,Y,310E 112TH ST 10027,40.793969,-73.939113,Non-Union
66,1/26/2021,1/25/2021,W. D. C. Safety Training Academy,8-Hour Fall Prevention,English,2/18/2021,4:00 PM,9:30 PM,,,321 E 112TH ST,,New York,NY,10027,TL011,Daniel Calderon,$255 ,,,SST-307,4M01,Manhattan,"310E 112TH ST, New York, NY 10027",8-Hour Fall Prevention,Provider: W. D. C. Safety Training Academy; Instructor: Daniel Calderon (Language: English),2/18/2021,718-219-4857,http://www.wdcsafetyllc.com/,C35,Prescribed Courses,Y,310E 112TH ST 10027,40.793969,-73.939113,Non-Union
67,1/26/2021,1/25/2021,W. D. C. Safety Training Academy,8-Hour Fall Prevention,English,2/24/2021,4:00 PM,9:30 PM,,,322 E 112TH ST,,New York,NY,10027,TL011,Daniel Calderon,$255 ,,,SST-307,4M01,Manhattan,"310E 112TH ST, New York, NY 10027",8-Hour Fall Prevention,Provider: W. D. C. Safety Training Academy; Instructor: Daniel Calderon (Language: English),2/24/2021,718-219-4857,http://www.wdcsafetyllc.com/,C35,Prescribed Courses,Y,310E 112TH ST 10027,40.793969,-73.939113,Non-Union
68,1/26/2021,1/25/2021,W. D. C. Safety Training Academy,2-Hour Drug and Alcohol Awareness,English,2/25/2021,4:00 PM,9:30 PM,,,323 E 112TH ST,,New York,NY,10027,TL011,Daniel Calderon,$255 ,,,SST-302,4M01,Manhattan,"310E 112TH ST, New York, NY 10027",2-Hour Drug and Alcohol Awareness,Provider: W. D. C. Safety Training Academy; Instructor: Daniel Calderon (Language: English),2/25/2021,718-219-4857,http://www.wdcsafetyllc.com/,C30,Prescribed Courses,Y,310E 112TH ST 10027,40.793969,-73.939113,Non-Union
69,1/26/2021,1/25/2021,W. D. C. Safety Training Academy,4-Hour Supported Scaffold User and Refresher,English,2/23/2021,4:00 PM,8:30 PM,,,324 E 112TH ST,,New York,NY,10027,TL011,Walter Cook,$135 ,,,SCA-201,4M01,Manhattan,"310E 112TH ST, New York, NY 10027",4-Hour Supported Scaffold User and Refresher,Provider: W. D. C. Safety Training Academy; Instructor: Walter Cook (Language: English),2/23/2021,718-219-4857,http://www.wdcsafetyllc.com/,C34,Prescribed Courses,Y,310E 112TH ST 10027,40.793969,-73.939113,Non-Union
70,1/22/2021,1/22/2021,"TSC Training Academy, LLC",8-Hour Fall Prevention,Spanish,1/28/2021,4:30 PM,10:00 PM,,,332 E 149th St,1,Bronx,NY,10451,TL012,Luz Ochoa Brito,Varies,No,,SST-307,4Q68,Bronx,"332 E 149th St #1, Bronx, NY 10451",8-Hour Fall Prevention,"Provider: TSC Training Academy, LLC; Instructor: Luz Ochoa Brito (Language: Spanish)",1/28/2021,718-389-2103,https://www.tsctrainingacademy.com/,C35,Prescribed Courses,Y,332 E 149th St 10451,40.816516,-73.920396,Non-Union
71,1/22/2021,1/22/2021,"TSC Training Academy, LLC",8-Hour Fall Prevention,Spanish,1/29/2021,4:30 PM,7:45 PM,,,332 E 149th St,1,Bronx,NY,10451,TL012,Angel Medina,Varies,No,,SST-307,4Q68,Bronx,"332 E 149th St #1, Bronx, NY 10451",8-Hour Fall Prevention,"Provider: TSC Training Academy, LLC; Instructor: Angel Medina (Language: Spanish)",1/29/2021,718-389-2103,https://www.tsctrainingacademy.com/,C35,Prescribed Courses,Y,332 E 149th St 10451,40.816516,-73.920396,Non-Union
72,1/22/2021,1/22/2021,"TSC Training Academy, LLC",2-Hour Drug and Alcohol Awareness,Spanish,1/29/2021,7:45 PM,10:00 PM,,,332 E 149th St,1,Bronx,NY,10451,TL012,Angel Medina,Varies,No,,SST-302,4Q68,Bronx,"332 E 149th St #1, Bronx, NY 10451",2-Hour Drug and Alcohol Awareness,"Provider: TSC Training Academy, LLC; Instructor: Angel Medina (Language: Spanish)",1/29/2021,718-389-2103,https://www.tsctrainingacademy.com/,C30,Prescribed Courses,Y,332 E 149th St 10451,40.816516,-73.920396,Non-Union
73,1/22/2021,1/22/2021,"TSC Training Academy, LLC",2-Hour Drug and Alcohol Awareness,English,1/29/2021,8:00 AM,10:00 AM,,,332 E 149th St,1,Bronx,NY,10451,TL012,Angel Medina,Varies,No,,SST-302,4Q68,Bronx,"332 E 149th St #1, Bronx, NY 10451",2-Hour Drug and Alcohol Awareness,"Provider: TSC Training Academy, LLC; Instructor: Angel Medina (Language: English)",1/29/2021,718-389-2103,https://www.tsctrainingacademy.com/,C30,Prescribed Courses,Y,332 E 149th St 10451,40.816516,-73.920396,Non-Union
74,1/22/2021,1/22/2021,"TSC Training Academy, LLC",2-Hour Tool Box Talks,English,1/29/2021,10:15 AM,12:15 PM,,,332 E 149th St,1,Bronx,NY,10451,TL012,Angel Medina,Varies,No,,SST-304,4Q68,Bronx,"332 E 149th St #1, Bronx, NY 10451",2-Hour Tool Box Talks,"Provider: TSC Training Academy, LLC; Instructor: Angel Medina (Language: English)",1/29/2021,718-389-2103,https://www.tsctrainingacademy.com/,C29,Prescribed Courses,Y,332 E 149th St 10451,40.816516,-73.920396,Non-Union
75,1/22/2021,1/22/2021,"TSC Training Academy, LLC",2-Hour Pre-Task Meeting,English,1/29/2021,12:45 PM,2:45 PM,,,332 E 149th St,1,Bronx,NY,10451,TL012,Angel Medina,Varies,No,,SST-303,4Q68,Bronx,"332 E 149th St #1, Bronx, NY 10451",2-Hour Pre-Task Meeting,"Provider: TSC Training Academy, LLC; Instructor: Angel Medina (Language: English)",1/29/2021,718-389-2103,https://www.tsctrainingacademy.com/,C31,Prescribed Courses,Y,332 E 149th St 10451,40.816516,-73.920396,Non-Union
76,1/22/2021,1/22/2021,"TSC Training Academy, LLC",2-Hour Site Safety Plan (SSP),English,1/29/2021,3:00 PM,5:00 PM,,,332 E 149th St,1,Bronx,NY,10451,TL012,Angel Medina,Varies,No,,SST-301,4Q68,Bronx,"332 E 149th St #1, Bronx, NY 10451",2-Hour Site Safety Plan (SSP),"Provider: TSC Training Academy, LLC; Instructor: Angel Medina (Language: English)",1/29/2021,718-389-2103,https://www.tsctrainingacademy.com/,C32,Prescribed Courses,Y,332 E 149th St 10451,40.816516,-73.920396,Non-Union
77,1/22/2021,1/22/2021,"TSC Training Academy, LLC",8-Hour Supported Scaffold Installer and Remover Refresher,English,1/29/2021,8:00 AM,5:00 PM,,,332 E 149th St,3,Bronx,NY,10451,TL012,Javier Gallardo,Varies,No,,SCA-202,4Q68,Bronx,"332 E 149th St #3, Bronx, NY 10451",8-Hour Supported Scaffold Installer and Remover Refresher,"Provider: TSC Training Academy, LLC; Instructor: Javier Gallardo (Language: English)",1/29/2021,718-389-2103,https://www.tsctrainingacademy.com/,C45,Scaffold Courses,N,332 E 149th St 10451,40.816516,-73.920396,Non-Union
78,12/14/2020,12/11/2020,Able Safety Consulting LLC,8-Hour Fall Prevention,English,3/20/2021,9:00 AM,2:30 PM,,,35-01 Queens Blvd,,Long Island City,NY,11101,TL013,Akhi Miah,$225 ,No,,SST-307,4L01,Queens,"35-01 Queens Blvd, Long Island City, NY 11101",8-Hour Fall Prevention,Provider: Able Safety Consulting LLC; Instructor: Akhi Miah (Language: English),3/20/2021,718-593-4789,https://www.ablesafety.com/,C35,Prescribed Courses,Y,35-01 Queens Blvd 11101,40.744827,-73.929464,Non-Union
79,12/14/2020,12/11/2020,Able Safety Consulting LLC,8-Hour Fall Prevention,English,3/21/2021,9:00 AM,2:30 PM,,,35-01 Queens Blvd,,Long Island City,NY,11101,TL013,Akhi Miah,$225 ,No,,SST-307,4L01,Queens,"35-01 Queens Blvd, Long Island City, NY 11101",8-Hour Fall Prevention,Provider: Able Safety Consulting LLC; Instructor: Akhi Miah (Language: English),3/21/2021,718-593-4789,https://www.ablesafety.com/,C35,Prescribed Courses,Y,35-01 Queens Blvd 11101,40.744827,-73.929464,Non-Union
80,12/14/2020,12/11/2020,Able Safety Consulting LLC,8-Hour Fall Prevention,English,3/6/2021,9:00 AM,2:30 PM,,,35-01 Queens Blvd,,Long Island City,NY,11101,TL013,Akhi Miah,$225 ,No,,SST-307,4L01,Queens,"35-01 Queens Blvd, Long Island City, NY 11101",8-Hour Fall Prevention,Provider: Able Safety Consulting LLC; Instructor: Akhi Miah (Language: English),3/6/2021,718-593-4789,https://www.ablesafety.com/,C35,Prescribed Courses,Y,35-01 Queens Blvd 11101,40.744827,-73.929464,Non-Union
81,12/14/2020,12/11/2020,Able Safety Consulting LLC,8-Hour Fall Prevention,English,3/7/2021,9:00 AM,2:30 PM,,,35-01 Queens Blvd,,Long Island City,NY,11101,TL013,Akhi Miah,$225 ,No,,SST-307,4L01,Queens,"35-01 Queens Blvd, Long Island City, NY 11101",8-Hour Fall Prevention,Provider: Able Safety Consulting LLC; Instructor: Akhi Miah (Language: English),3/7/2021,718-593-4789,https://www.ablesafety.com/,C35,Prescribed Courses,Y,35-01 Queens Blvd 11101,40.744827,-73.929464,Non-Union
82,12/14/2020,12/11/2020,Able Safety Consulting LLC,8-Hour Fall Prevention,English,2/20/2021,9:00 AM,2:30 PM,,,35-01 Queens Blvd,,Long Island City,NY,11101,TL013,Akhi Miah,$225 ,No,,SST-307,4L01,Queens,"35-01 Queens Blvd, Long Island City, NY 11101",8-Hour Fall Prevention,Provider: Able Safety Consulting LLC; Instructor: Akhi Miah (Language: English),2/20/2021,718-593-4789,https://www.ablesafety.com/,C35,Prescribed Courses,Y,35-01 Queens Blvd 11101,40.744827,-73.929464,Non-Union
83,12/14/2020,12/11/2020,Able Safety Consulting LLC,8-Hour Fall Prevention,English,2/21/2021,9:00 AM,2:30 PM,,,35-01 Queens Blvd,,Long Island City,NY,11101,TL013,Akhi Miah,$225 ,No,,SST-307,4L01,Queens,"35-01 Queens Blvd, Long Island City, NY 11101",8-Hour Fall Prevention,Provider: Able Safety Consulting LLC; Instructor: Akhi Miah (Language: English),2/21/2021,718-593-4789,https://www.ablesafety.com/,C35,Prescribed Courses,Y,35-01 Queens Blvd 11101,40.744827,-73.929464,Non-Union
84,12/14/2020,12/11/2020,Able Safety Consulting LLC,8-Hour Fall Prevention,English,2/6/2021,9:00 AM,2:30 PM,,,35-01 Queens Blvd,,Long Island City,NY,11101,TL013,Akhi Miah,$225 ,No,,SST-307,4L01,Queens,"35-01 Queens Blvd, Long Island City, NY 11101",8-Hour Fall Prevention,Provider: Able Safety Consulting LLC; Instructor: Akhi Miah (Language: English),2/6/2021,718-593-4789,https://www.ablesafety.com/,C35,Prescribed Courses,Y,35-01 Queens Blvd 11101,40.744827,-73.929464,Non-Union
85,12/14/2020,12/11/2020,Able Safety Consulting LLC,8-Hour Fall Prevention,English,2/7/2021,9:00 AM,2:30 PM,,,35-01 Queens Blvd,,Long Island City,NY,11101,TL013,Akhi Miah,$225 ,No,,SST-307,4L01,Queens,"35-01 Queens Blvd, Long Island City, NY 11101",8-Hour Fall Prevention,Provider: Able Safety Consulting LLC; Instructor: Akhi Miah (Language: English),2/7/2021,718-593-4789,https://www.ablesafety.com/,C35,Prescribed Courses,Y,35-01 Queens Blvd 11101,40.744827,-73.929464,Non-Union
86,12/14/2020,12/11/2020,Able Safety Consulting LLC,2-Hour Drug and Alcohol Awareness,English,3/21/2021,12:30 PM,3:00 PM,,,35-01 Queens Blvd,,Long Island City,NY,11101,TL013,Akhi Miah,$65 ,No,,SST-302,4L01,Queens,"35-01 Queens Blvd, Long Island City, NY 11101",2-Hour Drug and Alcohol Awareness,Provider: Able Safety Consulting LLC; Instructor: Akhi Miah (Language: English),3/21/2021,718-593-4789,https://www.ablesafety.com/,C30,Prescribed Courses,Y,35-01 Queens Blvd 11101,40.744827,-73.929464,Non-Union
87,12/14/2020,12/11/2020,Able Safety Consulting LLC,2-Hour Drug and Alcohol Awareness,English,3/7/2021,12:30 PM,3:00 PM,,,35-01 Queens Blvd,,Long Island City,NY,11101,TL013,Akhi Miah,$65 ,No,,SST-302,4L01,Queens,"35-01 Queens Blvd, Long Island City, NY 11101",2-Hour Drug and Alcohol Awareness,Provider: Able Safety Consulting LLC; Instructor: Akhi Miah (Language: English),3/7/2021,718-593-4789,https://www.ablesafety.com/,C30,Prescribed Courses,Y,35-01 Queens Blvd 11101,40.744827,-73.929464,Non-Union
88,12/14/2020,12/11/2020,Able Safety Consulting LLC,2-Hour Drug and Alcohol Awareness,English,2/21/2021,12:30 PM,3:00 PM,,,35-01 Queens Blvd,,Long Island City,NY,11101,TL013,Akhi Miah,$65 ,No,,SST-302,4L01,Queens,"35-01 Queens Blvd, Long Island City, NY 11101",2-Hour Drug and Alcohol Awareness,Provider: Able Safety Consulting LLC; Instructor: Akhi Miah (Language: English),2/21/2021,718-593-4789,https://www.ablesafety.com/,C30,Prescribed Courses,Y,35-01 Queens Blvd 11101,40.744827,-73.929464,Non-Union
89,12/14/2020,12/11/2020,Able Safety Consulting LLC,2-Hour Drug and Alcohol Awareness,English,2/7/2021,12:30 PM,3:00 PM,,,35-01 Queens Blvd,,Long Island City,NY,11101,TL013,Akhi Miah,$65 ,No,,SST-302,4L01,Queens,"35-01 Queens Blvd, Long Island City, NY 11101",2-Hour Drug and Alcohol Awareness,Provider: Able Safety Consulting LLC; Instructor: Akhi Miah (Language: English),2/7/2021,718-593-4789,https://www.ablesafety.com/,C30,Prescribed Courses,Y,35-01 Queens Blvd 11101,40.744827,-73.929464,Non-Union
90,12/14/2020,12/11/2020,Able Safety Consulting LLC,4-Hour Supported Scaffold User and Refresher,English,3/20/2021,3:00 PM,7:30 PM,,,35-01 Queens Blvd,,Long Island City,NY,11101,TL013,Akhi Miah,$150 ,No,,SCA-201,4L01,Queens,"35-01 Queens Blvd, Long Island City, NY 11101",4-Hour Supported Scaffold User and Refresher,Provider: Able Safety Consulting LLC; Instructor: Akhi Miah (Language: English),3/20/2021,718-593-4789,https://www.ablesafety.com/,C34,Prescribed Courses,Y,35-01 Queens Blvd 11101,40.744827,-73.929464,Non-Union
91,12/14/2020,12/11/2020,Able Safety Consulting LLC,4-Hour Supported Scaffold User and Refresher,English,3/6/2021,3:00 PM,7:30 PM,,,35-01 Queens Blvd,,Long Island City,NY,11101,TL013,Akhi Miah,$150 ,No,,SCA-201,4L01,Queens,"35-01 Queens Blvd, Long Island City, NY 11101",4-Hour Supported Scaffold User and Refresher,Provider: Able Safety Consulting LLC; Instructor: Akhi Miah (Language: English),3/6/2021,718-593-4789,https://www.ablesafety.com/,C34,Prescribed Courses,Y,35-01 Queens Blvd 11101,40.744827,-73.929464,Non-Union
92,12/14/2020,12/11/2020,Able Safety Consulting LLC,4-Hour Supported Scaffold User and Refresher,English,2/20/2021,3:00 PM,7:30 PM,,,35-01 Queens Blvd,,Long Island City,NY,11101,TL013,Akhi Miah,$150 ,No,,SCA-201,4L01,Queens,"35-01 Queens Blvd, Long Island City, NY 11101",4-Hour Supported Scaffold User and Refresher,Provider: Able Safety Consulting LLC; Instructor: Akhi Miah (Language: English),2/20/2021,718-593-4789,https://www.ablesafety.com/,C34,Prescribed Courses,Y,35-01 Queens Blvd 11101,40.744827,-73.929464,Non-Union
93,12/14/2020,12/11/2020,Able Safety Consulting LLC,4-Hour Supported Scaffold User and Refresher,English,2/6/2021,3:00 PM,7:30 PM,,,35-01 Queens Blvd,,Long Island City,NY,11101,TL013,Akhi Miah,$150 ,No,,SCA-201,4L01,Queens,"35-01 Queens Blvd, Long Island City, NY 11101",4-Hour Supported Scaffold User and Refresher,Provider: Able Safety Consulting LLC; Instructor: Akhi Miah (Language: English),2/6/2021,718-593-4789,https://www.ablesafety.com/,C34,Prescribed Courses,Y,35-01 Queens Blvd 11101,40.744827,-73.929464,Non-Union
94,1/26/2021,1/25/2021,SAFCO Construction Safety Services,4-Hour Supported Scaffold User and Refresher,Spanish,1/29/2021,5:00 PM,9:00 PM,,,35-45 Junction Blvd,2nd floor,Queens,NY,11368,TL014,C. Auquilla,,,,SCA-201,4Q53,Queens,"35-45 Junction Blvd #2nd floor, Queens, NY 11368",4-Hour Supported Scaffold User and Refresher,Provider: SAFCO Construction Safety Services; Instructor: C. Auquilla (Language: Spanish),1/29/2021,929-296-0303,https://safcoconstructionservices.com/,C34,Prescribed Courses,Y,35-45 Junction Blvd 11368,40.752193,-73.870831,Non-Union
95,1/22/2021,1/22/2021,"TSC Training Academy, LLC",2-Hour Drug and Alcohol Awareness,Spanish,1/28/2021,2:00 PM,4:00 PM,,,36-06 43rd Avenue,1,Long Island City,NY,11101,TL015,Denio Sturzeneker,Varies,No,,SST-302,4Q68,Queens,"36-06 43rd Avenue #1, Long Island City, NY 11101",2-Hour Drug and Alcohol Awareness,"Provider: TSC Training Academy, LLC; Instructor: Denio Sturzeneker (Language: Spanish)",1/28/2021,718-389-2103,https://www.tsctrainingacademy.com/,C30,Prescribed Courses,Y,36-06 43rd Avenue 11101,40.745636,-73.928352,Non-Union
96,1/22/2021,1/22/2021,"TSC Training Academy, LLC",8-Hour Fall Prevention,English,1/30/2021,8:00 AM,5:00 PM,,,36-06 43rd Avenue,1,Long Island City,NY,11101,TL015,Javier Gallardo,Varies,No,,SST-307,4Q68,Queens,"36-06 43rd Avenue #1, Long Island City, NY 11101",8-Hour Fall Prevention,"Provider: TSC Training Academy, LLC; Instructor: Javier Gallardo (Language: English)",1/30/2021,718-389-2103,https://www.tsctrainingacademy.com/,C35,Prescribed Courses,Y,36-06 43rd Avenue 11101,40.745636,-73.928352,Non-Union
97,1/22/2021,1/22/2021,"TSC Training Academy, LLC",2-Hour Drug and Alcohol Awareness,English,1/30/2021,5:15 PM,7:15 PM,,,36-06 43rd Avenue,1,Long Island City,NY,11101,TL015,Javier Gallardo,Varies,No,,SST-302,4Q68,Queens,"36-06 43rd Avenue #1, Long Island City, NY 11101",2-Hour Drug and Alcohol Awareness,"Provider: TSC Training Academy, LLC; Instructor: Javier Gallardo (Language: English)",1/30/2021,718-389-2103,https://www.tsctrainingacademy.com/,C30,Prescribed Courses,Y,36-06 43rd Avenue 11101,40.745636,-73.928352,Non-Union
98,1/22/2021,1/22/2021,"TSC Training Academy, LLC",4-Hour Supported Scaffold User and Refresher,Spanish,1/28/2021,4:30 PM,9:00 PM,,,36-06 43rd Avenue,3,Long Island City,NY,11101,TL015,Richard Perez,Varies,No,,SCA-201,4Q68,Queens,"36-06 43rd Avenue #3, Long Island City, NY 11101",4-Hour Supported Scaffold User and Refresher,"Provider: TSC Training Academy, LLC; Instructor: Richard Perez (Language: Spanish)",1/28/2021,718-389-2103,https://www.tsctrainingacademy.com/,C34,Prescribed Courses,Y,36-06 43rd Avenue 11101,40.745636,-73.928352,Non-Union
99,1/25/2021,1/22/2021,SAFCO Construction Safety Services,8-Hour Fall Prevention,Spanish,1/31/2021,8:00 AM,4:00 PM,,,41-10 102nd St,2nd Floor,Queens,Ny,11368,TL016,Martinez,,,,SST-307,4Q53,Queens,"41-10 102nd St #2nd Floor, Queens, Ny 11368",8-Hour Fall Prevention,Provider: SAFCO Construction Safety Services; Instructor: Martinez (Language: Spanish),1/31/2021,929-296-0303,https://safcoconstructionservices.com/,C35,Prescribed Courses,Y,41-10 102nd St 11368,40.74824854,-73.86353624,Non-Union
100,1/25/2021,1/22/2021,SAFCO Construction Safety Services,2-Hour Drug and Alcohol Awareness,Spanish,1/31/2021,6:00 PM,8:00 PM,,,41-10 102nd St,2nd Floor,Queens,Ny,11368,TL016,Martinez,,,,SST-302,4Q53,Queens,"41-10 102nd St #2nd Floor, Queens, Ny 11368",2-Hour Drug and Alcohol Awareness,Provider: SAFCO Construction Safety Services; Instructor: Martinez (Language: Spanish),1/31/2021,929-296-0303,https://safcoconstructionservices.com/,C30,Prescribed Courses,Y,41-10 102nd St 11368,40.74824854,-73.86353624,Non-Union
101,1/19/2021,1/19/2021,Site Safety LLC,30-Hour Master Rigger,English,1/28/2021,8:00 AM,4:00 PM,,,49 West 38th Street,10th FL,New York,NY,10018,TL017,Constantine Dukas,$550 ,,,CRA-104,4M60,Manhattan,"49 West 38th Street #10th FL, New York, NY 10018",30-Hour Master Rigger,Provider: Site Safety LLC; Instructor: Constantine Dukas (Language: English),1/28/2021,212-683-7200,https://www.site-safety.com/,C06,Cranes & Derrick Courses,N,49 West 38th Street 10018,40.752105,-73.984877,Non-Union
102,1/19/2021,1/19/2021,Site Safety LLC,8-Hour Master Rigger Renewal,English,1/28/2021,8:00 AM,4:00 PM,,,49 West 38th Street,10th FL,New York,NY,10018,TL017,Constantine Dukas,$550 ,,,CRA-202,4M60,Manhattan,"49 West 38th Street #10th FL, New York, NY 10018",8-Hour Master Rigger Renewal,Provider: Site Safety LLC; Instructor: Constantine Dukas (Language: English),1/28/2021,212-683-7200,https://www.site-safety.com/,C12,Cranes & Derrick Courses,N,49 West 38th Street 10018,40.752105,-73.984877,Non-Union
103,1/19/2021,1/19/2021,Site Safety LLC,4-Hour Supported Scaffold User and Refresher,English,1/29/2021,4:30 PM,8:30 PM,,,49 West 38th Street,10th Fl,New York,NY,10018,TL017,Jack Lamantia,$150 ,,,SCA-201,4M60,Manhattan,"49 West 38th Street #10th Fl, New York, NY 10018",4-Hour Supported Scaffold User and Refresher,Provider: Site Safety LLC; Instructor: Jack Lamantia (Language: English),1/29/2021,212-683-7200,https://www.site-safety.com/,C34,Prescribed Courses,Y,49 West 38th Street 10018,40.752105,-73.984877,Non-Union
104,1/19/2021,1/19/2021,Site Safety LLC,40-Hour Site Safety Manager,English,2/1/2021,4:30 PM,9:30 PM,,,49 West 38th Street,10th FL,New York,NY,10018,TL017,John Murphy,$650 ,,,SAF-102,4M60,Manhattan,"49 West 38th Street #10th FL, New York, NY 10018",40-Hour Site Safety Manager,Provider: Site Safety LLC; Instructor: John Murphy (Language: English),2/1/2021,212-683-7200,https://www.site-safety.com/,C37,Safety Courses,N,49 West 38th Street 10018,40.752105,-73.984877,Non-Union
105,1/19/2021,1/19/2021,Site Safety LLC,40-Hour Site Safety Manager,English,2/2/2021,4:30 PM,9:30 PM,,,49 West 38th Street,10th Fl,New York,NY,10018,TL017,John Murphy,$650 ,,,SAF-102,4M60,Manhattan,"49 West 38th Street #10th Fl, New York, NY 10018",40-Hour Site Safety Manager,Provider: Site Safety LLC; Instructor: John Murphy (Language: English),2/2/2021,212-683-7200,https://www.site-safety.com/,C37,Safety Courses,N,49 West 38th Street 10018,40.752105,-73.984877,Non-Union
106,1/19/2021,1/19/2021,Site Safety LLC,40-Hour Site Safety Manager,English,2/3/2021,4:30 PM,9:30 PM,,,49 West 38th Street,10th FL,New York,NY,10018,TL017,John Murphy,$650 ,,,SAF-102,4M60,Manhattan,"49 West 38th Street #10th FL, New York, NY 10018",40-Hour Site Safety Manager,Provider: Site Safety LLC; Instructor: John Murphy (Language: English),2/3/2021,212-683-7200,https://www.site-safety.com/,C37,Safety Courses,N,49 West 38th Street 10018,40.752105,-73.984877,Non-Union
107,1/19/2021,1/19/2021,Site Safety LLC,40-Hour Site Safety Manager,English,2/4/2021,4:30 PM,9:30 PM,,,49 West 38th Street,10th Fl,New York,NY,10018,TL017,John Murphy,$650 ,,,SAF-102,4M60,Manhattan,"49 West 38th Street #10th Fl, New York, NY 10018",40-Hour Site Safety Manager,Provider: Site Safety LLC; Instructor: John Murphy (Language: English),2/4/2021,212-683-7200,https://www.site-safety.com/,C37,Safety Courses,N,49 West 38th Street 10018,40.752105,-73.984877,Non-Union
108,1/19/2021,1/19/2021,Site Safety LLC,40-Hour Site Safety Manager,English,2/8/2021,4:30 PM,9:30 PM,,,49 West 38th Street,10th FL,New York,NY,10018,TL017,Michael Carbone,$650 ,,,SAF-102,4M60,Manhattan,"49 West 38th Street #10th FL, New York, NY 10018",40-Hour Site Safety Manager,Provider: Site Safety LLC; Instructor: Michael Carbone (Language: English),2/8/2021,212-683-7200,https://www.site-safety.com/,C37,Safety Courses,N,49 West 38th Street 10018,40.752105,-73.984877,Non-Union
109,1/19/2021,1/19/2021,Site Safety LLC,40-Hour Site Safety Manager,English,2/9/2021,4:30 PM,9:30 PM,,,49 West 38th Street,10th Fl,New York,NY,10018,TL017,Diego Suarez,$650 ,,,SAF-102,4M60,Manhattan,"49 West 38th Street #10th Fl, New York, NY 10018",40-Hour Site Safety Manager,Provider: Site Safety LLC; Instructor: Diego Suarez (Language: English),2/9/2021,212-683-7200,https://www.site-safety.com/,C37,Safety Courses,N,49 West 38th Street 10018,40.752105,-73.984877,Non-Union
110,1/19/2021,1/19/2021,Site Safety LLC,40-Hour Site Safety Manager,English,2/10/2021,4:30 PM,9:30 PM,,,49 West 38th Street,10th FL,New York,NY,10018,TL017,John Murphy,$650 ,,,SAF-102,4M60,Manhattan,"49 West 38th Street #10th FL, New York, NY 10018",40-Hour Site Safety Manager,Provider: Site Safety LLC; Instructor: John Murphy (Language: English),2/10/2021,212-683-7200,https://www.site-safety.com/,C37,Safety Courses,N,49 West 38th Street 10018,40.752105,-73.984877,Non-Union
111,1/19/2021,1/19/2021,Site Safety LLC,40-Hour Site Safety Manager,English,2/11/2021,4:30 PM,9:30 PM,,,49 West 38th Street,10th Fl,New York,NY,10018,TL017,John Murphy,$650 ,,,SAF-102,4M60,Manhattan,"49 West 38th Street #10th Fl, New York, NY 10018",40-Hour Site Safety Manager,Provider: Site Safety LLC; Instructor: John Murphy (Language: English),2/11/2021,212-683-7200,https://www.site-safety.com/,C37,Safety Courses,N,49 West 38th Street 10018,40.752105,-73.984877,Non-Union
112,1/19/2021,1/19/2021,Site Safety LLC,32-Hour Supported Scaffold Installer and Remover,English,2/1/2021,4:00 PM,10:30 PM,,,49 West 38th Street,10th FL,New York,NY,10018,TL017,Rafael Fernandez,$550 ,,,SCA-102,4M60,Manhattan,"49 West 38th Street #10th FL, New York, NY 10018",32-Hour Supported Scaffold Installer and Remover,Provider: Site Safety LLC; Instructor: Rafael Fernandez (Language: English),2/1/2021,212-683-7200,https://www.site-safety.com/,C42,Scaffold Courses,N,49 West 38th Street 10018,40.752105,-73.984877,Non-Union
113,1/19/2021,1/19/2021,Site Safety LLC,32-Hour Supported Scaffold Installer and Remover,English,2/2/2021,4:00 PM,10:30 PM,,,49 West 38th Street,10th Fl,New York,NY,10018,TL017,Rafael Fernandez,$550 ,,,SCA-102,4M60,Manhattan,"49 West 38th Street #10th Fl, New York, NY 10018",32-Hour Supported Scaffold Installer and Remover,Provider: Site Safety LLC; Instructor: Rafael Fernandez (Language: English),2/2/2021,212-683-7200,https://www.site-safety.com/,C42,Scaffold Courses,N,49 West 38th Street 10018,40.752105,-73.984877,Non-Union
114,1/19/2021,1/19/2021,Site Safety LLC,32-Hour Supported Scaffold Installer and Remover,English,2/3/2021,4:00 PM,10:30 PM,,,49 West 38th Street,10th FL,New York,NY,10018,TL017,Nestor Pastor,$550 ,,,SCA-102,4M60,Manhattan,"49 West 38th Street #10th FL, New York, NY 10018",32-Hour Supported Scaffold Installer and Remover,Provider: Site Safety LLC; Instructor: Nestor Pastor (Language: English),2/3/2021,212-683-7200,https://www.site-safety.com/,C42,Scaffold Courses,N,49 West 38th Street 10018,40.752105,-73.984877,Non-Union
115,1/19/2021,1/19/2021,Site Safety LLC,32-Hour Supported Scaffold Installer and Remover,English,2/4/2021,4:00 PM,10:30 PM,,,49 West 38th Street,10th Fl,New York,NY,10018,TL017,Nestor Pastor,$550 ,,,SCA-102,4M60,Manhattan,"49 West 38th Street #10th Fl, New York, NY 10018",32-Hour Supported Scaffold Installer and Remover,Provider: Site Safety LLC; Instructor: Nestor Pastor (Language: English),2/4/2021,212-683-7200,https://www.site-safety.com/,C42,Scaffold Courses,N,49 West 38th Street 10018,40.752105,-73.984877,Non-Union
116,1/19/2021,1/19/2021,Site Safety LLC,32-Hour Supported Scaffold Installer and Remover,English,2/5/2021,4:00 PM,10:30 PM,,,49 West 38th Street,10th FL,New York,NY,10018,TL017,Nestor Pastor,$550 ,,,SCA-102,4M60,Manhattan,"49 West 38th Street #10th FL, New York, NY 10018",32-Hour Supported Scaffold Installer and Remover,Provider: Site Safety LLC; Instructor: Nestor Pastor (Language: English),2/5/2021,212-683-7200,https://www.site-safety.com/,C42,Scaffold Courses,N,49 West 38th Street 10018,40.752105,-73.984877,Non-Union
117,1/19/2021,1/19/2021,Site Safety LLC,32-Hour Suspended Scaffold Supervisor,English,2/1/2021,4:00 PM,10:30 PM,,,49 West 38th Street,10th Fl,New York,NY,10018,TL017,Mike Carbone,$550 ,,,SCA-301,4M60,Manhattan,"49 West 38th Street #10th Fl, New York, NY 10018",32-Hour Suspended Scaffold Supervisor,Provider: Site Safety LLC; Instructor: Mike Carbone (Language: English),2/1/2021,212-683-7200,https://www.site-safety.com/,C43,Scaffold Courses,N,49 West 38th Street 10018,40.752105,-73.984877,Non-Union
118,1/19/2021,1/19/2021,Site Safety LLC,32-Hour Suspended Scaffold Supervisor,English,2/2/2021,4:00 PM,10:30 PM,,,49 West 38th Street,10th FL,New York,NY,10018,TL017,Nestor Pastor,$550 ,,,SCA-301,4M60,Manhattan,"49 West 38th Street #10th FL, New York, NY 10018",32-Hour Suspended Scaffold Supervisor,Provider: Site Safety LLC; Instructor: Nestor Pastor (Language: English),2/2/2021,212-683-7200,https://www.site-safety.com/,C43,Scaffold Courses,N,49 West 38th Street 10018,40.752105,-73.984877,Non-Union
119,1/19/2021,1/19/2021,Site Safety LLC,32-Hour Suspended Scaffold Supervisor,English,2/3/2021,4:00 PM,10:30 PM,,,49 West 38th Street,10th Fl,New York,NY,10018,TL017,Rafael Fernandez,$550 ,,,SCA-301,4M60,Manhattan,"49 West 38th Street #10th Fl, New York, NY 10018",32-Hour Suspended Scaffold Supervisor,Provider: Site Safety LLC; Instructor: Rafael Fernandez (Language: English),2/3/2021,212-683-7200,https://www.site-safety.com/,C43,Scaffold Courses,N,49 West 38th Street 10018,40.752105,-73.984877,Non-Union
120,1/19/2021,1/19/2021,Site Safety LLC,32-Hour Suspended Scaffold Supervisor,English,2/4/2021,4:00 PM,10:30 PM,,,49 West 38th Street,10th FL,New York,NY,10018,TL017,Michael Carbone,$550 ,,,SCA-301,4M60,Manhattan,"49 West 38th Street #10th FL, New York, NY 10018",32-Hour Suspended Scaffold Supervisor,Provider: Site Safety LLC; Instructor: Michael Carbone (Language: English),2/4/2021,212-683-7200,https://www.site-safety.com/,C43,Scaffold Courses,N,49 West 38th Street 10018,40.752105,-73.984877,Non-Union
121,1/19/2021,1/19/2021,Site Safety LLC,32-Hour Suspended Scaffold Supervisor,English,2/5/2021,4:00 PM,10:30 PM,,,49 West 38th Street,10th Fl,New York,NY,10018,TL017,Michael Carbone,$550 ,,,SCA-301,4M60,Manhattan,"49 West 38th Street #10th Fl, New York, NY 10018",32-Hour Suspended Scaffold Supervisor,Provider: Site Safety LLC; Instructor: Michael Carbone (Language: English),2/5/2021,212-683-7200,https://www.site-safety.com/,C43,Scaffold Courses,N,49 West 38th Street 10018,40.752105,-73.984877,Non-Union
122,1/25/2021,1/25/2021,Site Safety LLC,16-Hour Limited Gas Work Qualification,English,1/28/2021,4:00 PM,9:45 PM,,,49 West 38th Street,10th Fl,New York,NY,10018,TL017,Gabriel Camacho,$450 ,,,PLU-103,4M60,Manhattan,"49 West 38th Street #10th Fl, New York, NY 10018",16-Hour Limited Gas Work Qualification,Provider: Site Safety LLC; Instructor: Gabriel Camacho (Language: English),1/28/2021,212-683-7200,https://www.site-safety.com/,C26,Plumbing Courses,N,49 West 38th Street 10018,40.752105,-73.984877,Non-Union
123,1/25/2021,1/25/2021,Site Safety LLC,16-Hour Limited Gas Work Qualification,English,1/29/2021,4:00 PM,9:45 PM,,,49 West 38th Street,10th FL,New York,NY,10018,TL017,Gabriel Camacho,$450 ,,,PLU-103,4M60,Manhattan,"49 West 38th Street #10th FL, New York, NY 10018",16-Hour Limited Gas Work Qualification,Provider: Site Safety LLC; Instructor: Gabriel Camacho (Language: English),1/29/2021,212-683-7200,https://www.site-safety.com/,C26,Plumbing Courses,N,49 West 38th Street 10018,40.752105,-73.984877,Non-Union
124,1/25/2021,1/25/2021,"Andromeda Academy, LLC",8-Hour Supported Scaffold Installer and Remover Refresher,English,1/28/2021,8:00 AM,5:00 PM,,,49-29 31st Street,,Long Island City,NY,11101,TL018,Jake Toth,$160 ,,,SCA-202,4Q04,Queens,"49-29 31st Street, Long Island City, NY 11101",8-Hour Supported Scaffold Installer and Remover Refresher,"Provider: Andromeda Academy, LLC; Instructor: Jake Toth (Language: English)",1/28/2021,347-510-4283,http://andromedaacademy.com/,C45,Scaffold Courses,N,49-29 31st Street 11101,40.739468,-73.936052,Non-Union
125,1/22/2021,1/22/2021,Valor Consulting,32-Hour Supported Scaffold Installer and Remover,English,1/28/2021,7:00 AM,3:00 PM,,,535 Broadhollow Rd,ste #b9,Melville,NY,11747,TL019,Lisa Aikens,,,,SCA-102,4B85,Outside NYC,"535 Broadhollow Rd #ste #b9, Melville, NY 11747",32-Hour Supported Scaffold Installer and Remover,Provider: Valor Consulting; Instructor: Lisa Aikens (Language: English),1/28/2021,718-484-8122,https://www.valorsafetyservices.com/,C42,Scaffold Courses,N,535 Broadhollow Rd 11747,40.76773021,-73.42267039,Non-Union
126,1/19/2021,1/15/2021,Valor Consulting,8-Hour Fall Prevention,English,1/30/2021,7:00 AM,3:00 PM,,,535 Broadhollow Rd,,Melville,NY,11747,TL019,Lisa Aikens,,,,SST-307,4B85,Outside NYC,"535 Broadhollow Rd, Melville, NY 11747",8-Hour Fall Prevention,Provider: Valor Consulting; Instructor: Lisa Aikens (Language: English),1/30/2021,718-484-8122,https://www.valorsafetyservices.com/,C35,Prescribed Courses,Y,535 Broadhollow Rd 11747,40.76773021,-73.42267039,Non-Union
127,1/19/2021,1/15/2021,Valor Consulting,2-Hour Drug and Alcohol Awareness,English,1/30/2021,3:00 PM,5:00 PM,,,535 Broadhollow Rd,,Melville,NY,11747,TL019,Lisa Aikens,,,,SST-302,4B85,Outside NYC,"535 Broadhollow Rd, Melville, NY 11747",2-Hour Drug and Alcohol Awareness,Provider: Valor Consulting; Instructor: Lisa Aikens (Language: English),1/30/2021,718-484-8122,https://www.valorsafetyservices.com/,C30,Prescribed Courses,Y,535 Broadhollow Rd 11747,40.76773021,-73.42267039,Non-Union
128,1/13/2021,1/13/2021,SAFCO Construction Safety Services,2-Hour Drug and Alcohol Awareness,Spanish,1/31/2021,8:00 AM,10:00 AM,,,58-14 Roosevelt Av,2nd Floor,Queens,NY,11377,TL020,Bonilla,,,,SST-302,4Q53,Queens,"58-14 Roosevelt Av #2nd Floor, Queens, NY 11377",2-Hour Drug and Alcohol Awareness,Provider: SAFCO Construction Safety Services; Instructor: Bonilla (Language: Spanish),1/31/2021,929-296-0303,https://safcoconstructionservices.com/,C30,Prescribed Courses,Y,58-14 Roosevelt Av 11377,40.74517,-73.906075,Non-Union
129,1/13/2021,1/13/2021,SAFCO Construction Safety Services,8-Hour Fall Prevention,Spanish,1/31/2021,10:00 AM,6:00 PM,,,58-14 Roosevelt Av,2nd Floor,Queens,NY,11377,TL020,Bonilla,,,,SST-307,4Q53,Queens,"58-14 Roosevelt Av #2nd Floor, Queens, NY 11377",8-Hour Fall Prevention,Provider: SAFCO Construction Safety Services; Instructor: Bonilla (Language: Spanish),1/31/2021,929-296-0303,https://safcoconstructionservices.com/,C35,Prescribed Courses,Y,58-14 Roosevelt Av 11377,40.74517,-73.906075,Non-Union
130,1/25/2021,1/25/2021,School Of Construction Safety LLC,4-Hour Supported Scaffold User and Refresher,Polish,1/28/2021,8:00 AM,12:30 PM,,,616 Manhattan Avenue,Ground floor,Brooklyn,NY,11222,TL021,Jacek Mrozek,$135 ,,,SCA-201,4Q56,Brooklyn,"616 Manhattan Avenue #Ground floor, Brooklyn, NY 11222",4-Hour Supported Scaffold User and Refresher,Provider: School Of Construction Safety LLC; Instructor: Jacek Mrozek (Language: Polish),1/28/2021,718-440-9896,https://www.nycosha.com/,C34,Prescribed Courses,Y,616 Manhattan Avenue 11222,40.723547,-73.950394,Non-Union
131,1/25/2021,1/25/2021,School Of Construction Safety LLC,8-Hour Fall Prevention,Polish,1/29/2021,8:00 AM,4:30 PM,,,616 Manhattan Avenue,Ground floor,Brooklyn,NY,11222,TL021,Jacek Mrozek,$160 ,,,SST-307,4Q56,Brooklyn,"616 Manhattan Avenue #Ground floor, Brooklyn, NY 11222",8-Hour Fall Prevention,Provider: School Of Construction Safety LLC; Instructor: Jacek Mrozek (Language: Polish),1/29/2021,718-440-9896,https://www.nycosha.com/,C35,Prescribed Courses,Y,616 Manhattan Avenue 11222,40.723547,-73.950394,Non-Union
132,1/25/2021,1/25/2021,School Of Construction Safety LLC,2-Hour Drug and Alcohol Awareness,Polish,1/29/2021,5:00 PM,7:00 PM,,,616 Manhattan Avenue,Ground floor,Brooklyn,NY,11222,TL021,Jacek Mrozek,$60 ,,,SST-302,4Q56,Brooklyn,"616 Manhattan Avenue #Ground floor, Brooklyn, NY 11222",2-Hour Drug and Alcohol Awareness,Provider: School Of Construction Safety LLC; Instructor: Jacek Mrozek (Language: Polish),1/29/2021,718-440-9896,https://www.nycosha.com/,C30,Prescribed Courses,Y,616 Manhattan Avenue 11222,40.723547,-73.950394,Non-Union
133,1/26/2021,1/25/2021,"NextWave Safety Solutions, Inc.",2-Hour Site Safety Plan (SSP),English,1/30/2021,9:00 AM,11:00 AM,,,715 SHARROTTS ROAD,,STATEN ISLAND,NY,10309,TL022,MICHAEL IVANCICH,,,,SST-301,4M67,Staten Island,"715 SHARROTTS ROAD, STATEN ISLAND, NY 10309",2-Hour Site Safety Plan (SSP),"Provider: NextWave Safety Solutions, Inc.; Instructor: MICHAEL IVANCICH (Language: English)",1/30/2021,212-933-9071,https://nextwavesafety.com/,C32,Prescribed Courses,Y,715 SHARROTTS ROAD 10309,40.539589,-74.241682,Non-Union
134,1/26/2021,1/25/2021,"NextWave Safety Solutions, Inc.",2-Hour Tool Box Talks,English,1/30/2021,11:00 AM,1:00 PM,,,715 SHARROTTS ROAD,,STATEN ISLAND,NY,10309,TL022,MICHAEL IVANCICH,,,,SST-304,4M67,Staten Island,"715 SHARROTTS ROAD, STATEN ISLAND, NY 10309",2-Hour Tool Box Talks,"Provider: NextWave Safety Solutions, Inc.; Instructor: MICHAEL IVANCICH (Language: English)",1/30/2021,212-933-9071,https://nextwavesafety.com/,C29,Prescribed Courses,Y,715 SHARROTTS ROAD 10309,40.539589,-74.241682,Non-Union
135,1/25/2021,1/25/2021,"NextWave Safety Solutions, Inc.",4-Hour Supported Scaffold User and Refresher,Spanish,1/28/2021,5:00 PM,9:00 PM,,,76 Beaver St,15,New York,NY,10005,TL023,Jose Vera,,,,SCA-201,4M67,Manhattan,"76 Beaver St #15, New York, NY 10005",4-Hour Supported Scaffold User and Refresher,"Provider: NextWave Safety Solutions, Inc.; Instructor: Jose Vera (Language: Spanish)",1/28/2021,212-933-9071,https://nextwavesafety.com/,C34,Prescribed Courses,Y,76 Beaver St 10005,40.705132,-74.008851,Non-Union
136,1/25/2021,1/25/2021,"NextWave Safety Solutions, Inc.",2-Hour Drug and Alcohol Awareness,Spanish,1/30/2021,8:00 AM,10:00 AM,,,76 Beaver St,15,New York,NY,10005,TL023,Jose Vera,,,,SST-302,4M67,Manhattan,"76 Beaver St #15, New York, NY 10005",2-Hour Drug and Alcohol Awareness,"Provider: NextWave Safety Solutions, Inc.; Instructor: Jose Vera (Language: Spanish)",1/30/2021,212-933-9071,https://nextwavesafety.com/,C30,Prescribed Courses,Y,76 Beaver St 10005,40.705132,-74.008851,Non-Union
137,1/25/2021,1/25/2021,"NextWave Safety Solutions, Inc.",8-Hour Fall Prevention,Spanish,1/30/2021,10:00 AM,6:00 PM,,,76 Beaver St,15,New York,NY,10005,TL023,Jose Vera,,,,SST-307,4M67,Manhattan,"76 Beaver St #15, New York, NY 10005",8-Hour Fall Prevention,"Provider: NextWave Safety Solutions, Inc.; Instructor: Jose Vera (Language: Spanish)",1/30/2021,212-933-9071,https://nextwavesafety.com/,C35,Prescribed Courses,Y,76 Beaver St 10005,40.705132,-74.008851,Non-Union
138,1/25/2021,1/25/2021,"NextWave Safety Solutions, Inc.",2-Hour Drug and Alcohol Awareness,English,1/30/2021,8:00 AM,10:00 AM,,,76 Beaver St,15,New York,NY,10005,TL023,Carl Orlando,,,,SST-302,4M67,Manhattan,"76 Beaver St #15, New York, NY 10005",2-Hour Drug and Alcohol Awareness,"Provider: NextWave Safety Solutions, Inc.; Instructor: Carl Orlando (Language: English)",1/30/2021,212-933-9071,https://nextwavesafety.com/,C30,Prescribed Courses,Y,76 Beaver St 10005,40.705132,-74.008851,Non-Union
139,1/25/2021,1/25/2021,"NextWave Safety Solutions, Inc.",8-Hour Fall Prevention,English,1/30/2021,10:00 AM,6:00 PM,,,76 Beaver St,15,New York,NY,10005,TL023,Carl Orlando,,,,SST-307,4M67,Manhattan,"76 Beaver St #15, New York, NY 10005",8-Hour Fall Prevention,"Provider: NextWave Safety Solutions, Inc.; Instructor: Carl Orlando (Language: English)",1/30/2021,212-933-9071,https://nextwavesafety.com/,C35,Prescribed Courses,Y,76 Beaver St 10005,40.705132,-74.008851,Non-Union
140,1/25/2021,1/22/2021,Compu21 Corporation,4-Hour Supported Scaffold User and Refresher,SPANISH,1/30/2021,8:00 AM,12:15 PM,,,84-10 Jamaica Ave,2 FL,Woodhaven,NY,11421,TL024,RICHARD SEPULVEDA,$150 ,,,SCA-201,2Q17,Queens,"84-10 Jamaica Ave #2 FL, Woodhaven, NY 11421",4-Hour Supported Scaffold User and Refresher,Provider: Compu21 Corporation; Instructor: RICHARD SEPULVEDA (Language: SPANISH),1/30/2021,718-762-1900,https://compu21safetytraining.com/,C34,Prescribed Courses,Y,84-10 Jamaica Ave 11421,40.692125,-73.860429,Non-Union
141,1/26/2021,1/25/2021,"NextWave Safety Solutions, Inc.",32-Hour Rigging Supervisor,English,1/29/2021,8:00 AM,4:00 PM,,,900 Nepperhan Ave,,Yonkers,NY,10703,TL025,John Sperando,,,,CRA-301,4M67,Outside NYC,"900 Nepperhan Ave, Yonkers, NY 10703",32-Hour Rigging Supervisor,"Provider: NextWave Safety Solutions, Inc.; Instructor: John Sperando (Language: English)",1/29/2021,212-933-9071,https://nextwavesafety.com/,C08,Cranes & Derrick Courses,N,900 Nepperhan Ave 10703,40.95559899,-73.87535096,Non-Union
142,1/26/2021,1/25/2021,"NextWave Safety Solutions, Inc.",32-Hour Rigging Supervisor,English,1/30/2021,8:00 AM,4:00 PM,,,900 Nepperhan Ave,,Yonkers,NY,10703,TL025,John Sperando,,,,CRA-301,4M67,Outside NYC,"900 Nepperhan Ave, Yonkers, NY 10703",32-Hour Rigging Supervisor,"Provider: NextWave Safety Solutions, Inc.; Instructor: John Sperando (Language: English)",1/30/2021,212-933-9071,https://nextwavesafety.com/,C08,Cranes & Derrick Courses,N,900 Nepperhan Ave 10703,40.95559899,-73.87535096,Non-Union
143,1/26/2021,1/25/2021,"NextWave Safety Solutions, Inc.",32-Hour Rigging Supervisor,English,2/5/2021,8:00 AM,4:00 PM,,,900 Nepperhan Ave,,Yonkers,NY,10703,TL025,John Sperando,,,,CRA-301,4M67,Outside NYC,"900 Nepperhan Ave, Yonkers, NY 10703",32-Hour Rigging Supervisor,"Provider: NextWave Safety Solutions, Inc.; Instructor: John Sperando (Language: English)",2/5/2021,212-933-9071,https://nextwavesafety.com/,C08,Cranes & Derrick Courses,N,900 Nepperhan Ave 10703,40.95559899,-73.87535096,Non-Union
144,1/26/2021,1/25/2021,"NextWave Safety Solutions, Inc.",32-Hour Rigging Supervisor,English,2/6/2021,8:00 AM,4:00 PM,,,900 Nepperhan Ave,,Yonkers,NY,10703,TL025,John Sperando,,,,CRA-301,4M67,Outside NYC,"900 Nepperhan Ave, Yonkers, NY 10703",32-Hour Rigging Supervisor,"Provider: NextWave Safety Solutions, Inc.; Instructor: John Sperando (Language: English)",2/6/2021,212-933-9071,https://nextwavesafety.com/,C08,Cranes & Derrick Courses,N,900 Nepperhan Ave 10703,40.95559899,-73.87535096,Non-Union
