ID,Entered,Emailed,Course,Code,Course Provider,CP ID,Web Address,Street,Room,City,State,Zip code,Start Date,Start Time,End Time,Instructor,Language,Price,Borough,Location,Description,CourseProviderWebsite,CourseProviderPhone,TrainingLocationID,CourseID,End Date,CourseTopic,SST,ShortAddress,Lat,Long
1,4/29/2020,4/29/2020,2-Hour Drug and Alcohol Awareness,SST-302,Solar One,1M87,Yes,Online,,,,,5/25/2020,9:00 AM,11:00 AM,Sacha Bien-Aime,English,"$1,000 ",Web,,Provider: Solar One; Instructor: Sacha Bien-Aime (Language: English),https://www.solar1.org/,646-576-5661,TL999,C30,5/25/2020,Prescribed Courses,Y,,,
2,4/29/2020,4/29/2020,8-Hour Fall Prevention,SST-307,Solar One,1M87,Yes,Online,,,,,5/25/2020,11:00 AM,4:00 PM,Sacha Bien-Aime,English,"$1,000 ",Web,,Provider: Solar One; Instructor: Sacha Bien-Aime (Language: English),https://www.solar1.org/,646-576-5661,TL999,C35,5/25/2020,Prescribed Courses,Y,,,
3,4/29/2020,4/29/2020,8-Hour Fall Prevention,SST-307,Solar One,1M87,Yes,Online,,,,,5/26/2020,9:00 AM,2:00 PM,Sacha Bien-Aime,English,N/A,Web,,Provider: Solar One; Instructor: Sacha Bien-Aime (Language: English),https://www.solar1.org/,646-576-5661,TL999,C35,5/26/2020,Prescribed Courses,Y,,,
4,4/30/2020,4/29/2020,4-Hour Supported Scaffold User and Refresher,SCA-201,Compu21 Institute Corp.,2Q17,Yes,Online,,,,,5/2/2020,4:00 PM,8:15 PM,Richard Sepulveda,Spanish,$150 ,Web,,Provider: Compu21 Institute Corp.; Instructor: Richard Sepulveda (Language: Spanish),https://compu21safetytraining.com/,718-762-1900,TL999,C34,5/2/2020,Prescribed Courses,Y,,,
5,4/30/2020,4/30/2020,1-Hour Concrete and Masonry Construction,SST-203,"Dunn Co. Safety, LLC",4Q21,Yes,Online,,,,,5/4/2020,4:00 PM,5:00 PM,Jarida Ulloa,English,$30 ,Web,,"Provider: Dunn Co. Safety, LLC; Instructor: Jarida Ulloa (Language: English)",https://dunncosafety.com/,718-729-0311,TL999,C49,5/4/2020,Specialized Elective Courses,Y,,,
6,4/30/2020,4/30/2020,1-Hour Fire Protection and Prevention,SST-103,"Dunn Co. Safety, LLC",4Q21,Yes,Online,,,,,5/4/2020,5:00 PM,6:00 PM,Jarida Ulloa,English,$30 ,Web,,"Provider: Dunn Co. Safety, LLC; Instructor: Jarida Ulloa (Language: English)",https://dunncosafety.com/,718-729-0311,TL999,C17,5/4/2020,General Elective Courses,Y,,,
7,4/30/2020,4/30/2020,1-Hour First Aid and CPR,SST-104,"Dunn Co. Safety, LLC",4Q21,Yes,Online,,,,,5/4/2020,6:15 PM,7:15 PM,Jarida Ulloa,English,$30 ,Web,,"Provider: Dunn Co. Safety, LLC; Instructor: Jarida Ulloa (Language: English)",https://dunncosafety.com/,718-729-0311,TL999,C18,5/4/2020,General Elective Courses,Y,,,
8,4/30/2020,4/30/2020,1-Hour Job Hazard Analysis,SST-209,"Dunn Co. Safety, LLC",4Q21,Yes,Online,,,,,5/4/2020,7:15 PM,8:15 PM,Jarida Ulloa,English,$30 ,Web,,"Provider: Dunn Co. Safety, LLC; Instructor: Jarida Ulloa (Language: English)",https://dunncosafety.com/,718-729-0311,TL999,C57,5/4/2020,Specialized Elective Courses,Y,,,
9,4/30/2020,4/30/2020,8-Hour Site Safety Manager Refresher/Chapter 33,SAF-202,"Dunn Co. Safety, LLC",4Q21,Yes,Online,,,,,5/5/2020,3:00 PM,7:15 PM,Don Kenna,English,$225 ,Web,,"Provider: Dunn Co. Safety, LLC; Instructor: Don Kenna (Language: English)",https://dunncosafety.com/,718-729-0311,TL999,C36,5/5/2020,Prescribed Courses,Y,,,
10,4/30/2020,4/30/2020,8-Hour Site Safety Manager Refresher/Chapter 33,SAF-202,"Dunn Co. Safety, LLC",4Q21,Yes,Online,,,,,5/6/2020,3:00 PM,7:15 PM,Don Kenna,English,$225 ,Web,,"Provider: Dunn Co. Safety, LLC; Instructor: Don Kenna (Language: English)",https://dunncosafety.com/,718-729-0311,TL999,C36,5/6/2020,Prescribed Courses,Y,,,
11,4/30/2020,4/30/2020,4-Hour Supported Scaffold User and Refresher,SCA-201,"Dunn Co. Safety, LLC",4Q21,Yes,Online,,,,,5/7/2020,4:00 PM,8:15 PM,Don Kenna,English,$125 ,Web,,"Provider: Dunn Co. Safety, LLC; Instructor: Don Kenna (Language: English)",https://dunncosafety.com/,718-729-0311,TL999,C34,5/7/2020,Prescribed Courses,Y,,,
12,4/30/2020,4/30/2020,8-Hour Site Safety Manager Refresher/Chapter 33,SAF-202,"Big Apple Occupational Safety, Inc.",4M07,Yes,Online,,,,,5/4/2020,8:00 AM,5:00 PM,Lenny Olijynk,English,$155 ,Web,,"Provider: Big Apple Occupational Safety, Inc.; Instructor: Lenny Olijynk (Language: English)",http://www.baos.com/,212-564-7656,TL999,C36,5/4/2020,Prescribed Courses,Y,,,
13,4/30/2020,4/30/2020,8-Hour Fall Prevention,SST-307,"Big Apple Occupational Safety, Inc.",4M07,Yes,Online,,,,,5/5/2020,8:00 AM,5:00 PM,Lenny Olijynk,English,$155 ,Web,,"Provider: Big Apple Occupational Safety, Inc.; Instructor: Lenny Olijynk (Language: English)",http://www.baos.com/,212-564-7656,TL999,C35,5/5/2020,Prescribed Courses,Y,,,
14,4/30/2020,4/30/2020,2-Hour Drug and Alcohol Awareness,SST-302,"Big Apple Occupational Safety, Inc.",4M07,Yes,Online,,,,,5/6/2020,8:00 AM,10:00 AM,Lenny Olijynk,English,$30 ,Web,,"Provider: Big Apple Occupational Safety, Inc.; Instructor: Lenny Olijynk (Language: English)",http://www.baos.com/,212-564-7656,TL999,C30,5/6/2020,Prescribed Courses,Y,,,
15,4/30/2020,4/30/2020,2-Hour Pre-Task Meeting,SST-303,"Big Apple Occupational Safety, Inc.",4M07,Yes,Online,,,,,5/6/2020,10:00 AM,12:00 PM,Lenny Olijynk,English,$30 ,Web,,"Provider: Big Apple Occupational Safety, Inc.; Instructor: Lenny Olijynk (Language: English)",http://www.baos.com/,212-564-7656,TL999,C31,5/6/2020,Prescribed Courses,Y,,,
16,4/30/2020,4/30/2020,2-Hour Site Safety Plan (SSP),SST-301,"Big Apple Occupational Safety, Inc.",4M07,Yes,Online,,,,,5/6/2020,1:00 PM,3:00 PM,Lenny Olijynk,English,$30 ,Web,,"Provider: Big Apple Occupational Safety, Inc.; Instructor: Lenny Olijynk (Language: English)",http://www.baos.com/,212-564-7656,TL999,C32,5/6/2020,Prescribed Courses,Y,,,
17,4/30/2020,4/30/2020,2-Hour Tool Box Talks,SST-304,"Big Apple Occupational Safety, Inc.",4M07,Yes,Online,,,,,5/6/2020,3:00 PM,5:00 PM,Lenny Olijynk,English,$30 ,Web,,"Provider: Big Apple Occupational Safety, Inc.; Instructor: Lenny Olijynk (Language: English)",http://www.baos.com/,212-564-7656,TL999,C29,5/6/2020,Prescribed Courses,Y,,,
18,4/30/2020,4/30/2020,4-Hour Supported Scaffold User and Refresher,SCA-201,"Big Apple Occupational Safety, Inc.",4M07,Yes,Online,,,,,5/7/2020,8:00 AM,12:00 PM,Lenny Olijynk,English,$95 ,Web,,"Provider: Big Apple Occupational Safety, Inc.; Instructor: Lenny Olijynk (Language: English)",http://www.baos.com/,212-564-7656,TL999,C34,5/7/2020,Prescribed Courses,Y,,,
19,4/30/2020,4/30/2020,1-Hour Electrocution Prevention,SST-102,"Big Apple Occupational Safety, Inc.",4M07,Yes,Online,,,,,5/7/2020,1:00 PM,2:00 PM,Lenny Olijynk,English,$39 ,Web,,"Provider: Big Apple Occupational Safety, Inc.; Instructor: Lenny Olijynk (Language: English)",http://www.baos.com/,212-564-7656,TL999,C16,5/7/2020,General Elective Courses,Y,,,
20,4/30/2020,4/30/2020,1-Hour Handling Heavy Materials and Proper Lifting Techniques,SST-105,"Big Apple Occupational Safety, Inc.",4M07,Yes,Online,,,,,5/7/2020,2:00 PM,3:00 PM,Lenny Olijynk,English,$39 ,Web,,"Provider: Big Apple Occupational Safety, Inc.; Instructor: Lenny Olijynk (Language: English)",http://www.baos.com/,212-564-7656,TL999,C19,5/7/2020,General Elective Courses,Y,,,
21,4/30/2020,4/30/2020,1-Hour Health and Safety Programs in Construction,SST-216,"Big Apple Occupational Safety, Inc.",4M07,Yes,Online,,,,,5/7/2020,3:00 PM,4:00 PM,Lenny Olijynk,English,$39 ,Web,,"Provider: Big Apple Occupational Safety, Inc.; Instructor: Lenny Olijynk (Language: English)",http://www.baos.com/,212-564-7656,TL999,C56,5/7/2020,Specialized Elective Courses,Y,,,
22,4/30/2020,4/30/2020,1-Hour Job Hazard Analysis,SST-209,"Big Apple Occupational Safety, Inc.",4M07,Yes,Online,,,,,5/7/2020,4:00 PM,5:00 PM,Lenny Olijynk,English,$39 ,Web,,"Provider: Big Apple Occupational Safety, Inc.; Instructor: Lenny Olijynk (Language: English)",http://www.baos.com/,212-564-7656,TL999,C57,5/7/2020,Specialized Elective Courses,Y,,,
23,5/4/2020,5/4/2020,8-Hour Fall Prevention,SST-307,Menotti Enterprise LLC,4B74,Yes,Online,,,,,5/4/2020,10:30 AM,2:30 PM,Jon Bentatcourt,English,$158 ,Web,,Provider: Menotti Enterprise LLC; Instructor: Jon Bentatcourt (Language: English),https://www.menottienterprise.com/,844-723-3692,TL999,C35,5/4/2020,Prescribed Courses,Y,,,
24,5/4/2020,5/4/2020,1-Hour Fire Protection and Prevention,SST-103,Menotti Enterprise LLC,4B74,Yes,Online,,,,,5/4/2020,4:30 PM,5:30 PM,Jon Bentatcourt,English,$50 ,Web,,Provider: Menotti Enterprise LLC; Instructor: Jon Bentatcourt (Language: English),https://www.menottienterprise.com/,844-723-3692,TL999,C17,5/4/2020,General Elective Courses,Y,,,
25,5/4/2020,5/4/2020,"1-Hour Materials Handling, Storage, Use and Disposal",SST-107,Menotti Enterprise LLC,4B74,Yes,Online,,,,,5/4/2020,5:30 PM,6:30 PM,Jon Bentatcourt,English,$50 ,Web,,Provider: Menotti Enterprise LLC; Instructor: Jon Bentatcourt (Language: English),https://www.menottienterprise.com/,844-723-3692,TL999,C21,5/4/2020,General Elective Courses,Y,,,
26,5/4/2020,5/4/2020,1-Hour Asbestos/Lead Awareness,SST-201,Menotti Enterprise LLC,4B74,Yes,Online,,,,,5/4/2020,6:30 PM,7:30 PM,Jon Bentatcourt,English,$50 ,Web,,Provider: Menotti Enterprise LLC; Instructor: Jon Bentatcourt (Language: English),https://www.menottienterprise.com/,844-723-3692,TL999,C48,5/4/2020,Specialized Elective Courses,Y,,,
27,5/4/2020,5/4/2020,1-Hour Flag Person,SST-208,Menotti Enterprise LLC,4B74,Yes,Online,,,,,5/4/2020,7:30 PM,8:30 PM,Jon Bentatcourt,English,$50 ,Web,,Provider: Menotti Enterprise LLC; Instructor: Jon Bentatcourt (Language: English),https://www.menottienterprise.com/,844-723-3692,TL999,C55,5/4/2020,Specialized Elective Courses,Y,,,
28,5/4/2020,5/4/2020,8-Hour Fall Prevention,SST-307,Menotti Enterprise LLC,4B74,Yes,Online,,,,,5/5/2020,10:30 AM,2:30 PM,Jon Bentatcourt,English,$158 ,Web,,Provider: Menotti Enterprise LLC; Instructor: Jon Bentatcourt (Language: English),https://www.menottienterprise.com/,844-723-3692,TL999,C35,5/5/2020,Prescribed Courses,Y,,,
29,5/4/2020,5/4/2020,2-Hour Drug and Alcohol Awareness,SST-302,Menotti Enterprise LLC,4B74,Yes,Online,,,,,5/5/2020,4:30 PM,6:30 PM,Jon Bentatcourt,English,$50 ,Web,,Provider: Menotti Enterprise LLC; Instructor: Jon Bentatcourt (Language: English),https://www.menottienterprise.com/,844-723-3692,TL999,C30,5/5/2020,Prescribed Courses,Y,,,
30,5/4/2020,5/4/2020,2-Hour Pre-Task Meeting,SST-303,Menotti Enterprise LLC,4B74,Yes,Online,,,,,5/5/2020,6:30 PM,8:30 PM,Jon Bentatcourt,English,$50 ,Web,,Provider: Menotti Enterprise LLC; Instructor: Jon Bentatcourt (Language: English),https://www.menottienterprise.com/,844-723-3692,TL999,C31,5/5/2020,Prescribed Courses,Y,,,
31,5/4/2020,5/4/2020,2-Hour Site Safety Plan (SSP),SST-301,Menotti Enterprise LLC,4B74,Yes,Online,,,,,5/6/2020,4:30 PM,6:30 PM,Jon Bentatcourt,English,$60 ,Web,,Provider: Menotti Enterprise LLC; Instructor: Jon Bentatcourt (Language: English),https://www.menottienterprise.com/,844-723-3692,TL999,C32,5/6/2020,Prescribed Courses,Y,,,
32,5/4/2020,5/4/2020,2-Hour Tool Box Talks,SST-304,Menotti Enterprise LLC,4B74,Yes,Online,,,,,5/6/2020,6:30 PM,8:30 PM,Jon Bentatcourt,English,$50 ,Web,,Provider: Menotti Enterprise LLC; Instructor: Jon Bentatcourt (Language: English),https://www.menottienterprise.com/,844-723-3692,TL999,C29,5/6/2020,Prescribed Courses,Y,,,
33,5/4/2020,5/4/2020,4-Hour Supported Scaffold User and Refresher,SCA-201,Menotti Enterprise LLC,4B74,Yes,Online,,,,,5/6/2020,12:00 PM,4:00 PM,Jon Bentatcourt,English,$150 ,Web,,Provider: Menotti Enterprise LLC; Instructor: Jon Bentatcourt (Language: English),https://www.menottienterprise.com/,844-723-3692,TL999,C34,5/6/2020,Prescribed Courses,Y,,,
34,5/4/2020,5/4/2020,1-Hour Fire Protection and Prevention,SST-103,Menotti Enterprise LLC,4B74,Yes,Online,,,,,5/7/2020,12:00 PM,1:00 PM,Jon Bentatcourt,English,$50 ,Web,,Provider: Menotti Enterprise LLC; Instructor: Jon Bentatcourt (Language: English),https://www.menottienterprise.com/,844-723-3692,TL999,C17,5/7/2020,General Elective Courses,Y,,,
35,5/4/2020,5/4/2020,"1-Hour Materials Handling, Storage, Use and Disposal",SST-107,Menotti Enterprise LLC,4B74,Yes,Online,,,,,5/7/2020,1:00 PM,2:00 PM,Jon Bentatcourt,English,$50 ,Web,,Provider: Menotti Enterprise LLC; Instructor: Jon Bentatcourt (Language: English),https://www.menottienterprise.com/,844-723-3692,TL999,C21,5/7/2020,General Elective Courses,Y,,,
36,5/4/2020,5/4/2020,1-Hour Asbestos/Lead Awareness,SST-201,Menotti Enterprise LLC,4B74,Yes,Online,,,,,5/7/2020,2:00 PM,3:00 PM,Jon Bentatcourt,English,$50 ,Web,,Provider: Menotti Enterprise LLC; Instructor: Jon Bentatcourt (Language: English),https://www.menottienterprise.com/,844-723-3692,TL999,C48,5/7/2020,Specialized Elective Courses,Y,,,
37,5/4/2020,5/4/2020,1-Hour Flag Person,SST-208,Menotti Enterprise LLC,4B74,Yes,Online,,,,,5/7/2020,3:00 PM,4:00 PM,Jon Bentatcourt,English,$50 ,Web,,Provider: Menotti Enterprise LLC; Instructor: Jon Bentatcourt (Language: English),https://www.menottienterprise.com/,844-723-3692,TL999,C55,5/7/2020,Specialized Elective Courses,Y,,,
38,5/4/2020,5/4/2020,8-Hour Site Safety Manager Refresher/Chapter 33,SAF-202,Menotti Enterprise LLC,4B74,Yes,Online,,,,,5/7/2020,4:30 PM,8:30 PM,Jon Bentatcourt,English,$158 ,Web,,Provider: Menotti Enterprise LLC; Instructor: Jon Bentatcourt (Language: English),https://www.menottienterprise.com/,844-723-3692,TL999,C36,5/7/2020,Prescribed Courses,Y,,,
39,5/4/2020,5/4/2020,8-Hour Site Safety Manager Refresher/Chapter 33,SAF-202,Menotti Enterprise LLC,4B74,Yes,Online,,,,,5/8/2020,4:30 PM,8:30 PM,Jon Bentatcourt,English,$158 ,Web,,Provider: Menotti Enterprise LLC; Instructor: Jon Bentatcourt (Language: English),https://www.menottienterprise.com/,844-723-3692,TL999,C36,5/8/2020,Prescribed Courses,Y,,,
40,5/4/2020,5/4/2020,4-Hour Supported Scaffold User and Refresher,SCA-201,Menotti Enterprise LLC,4B74,Yes,Online,,,,,5/8/2020,12:00 PM,4:00 PM,Jon Bentatcourt,English,$150 ,Web,,Provider: Menotti Enterprise LLC; Instructor: Jon Bentatcourt (Language: English),https://www.menottienterprise.com/,844-723-3692,TL999,C34,5/8/2020,Prescribed Courses,Y,,,
41,5/4/2020,5/4/2020,4-Hour Supported Scaffold User and Refresher,SCA-201,Menotti Enterprise LLC,4B74,Yes,Online,,,,,5/11/2020,12:00 PM,4:00 PM,Jon Bentatcourt,English,$150 ,Web,,Provider: Menotti Enterprise LLC; Instructor: Jon Bentatcourt (Language: English),https://www.menottienterprise.com/,844-723-3692,TL999,C34,5/11/2020,Prescribed Courses,Y,,,
42,5/4/2020,5/4/2020,8-Hour Fall Prevention,SST-307,Menotti Enterprise LLC,4B74,Yes,Online,,,,,5/11/2020,4:30 PM,8:30 PM,Jon Bentatcourt,English,$158 ,Web,,Provider: Menotti Enterprise LLC; Instructor: Jon Bentatcourt (Language: English),https://www.menottienterprise.com/,844-723-3692,TL999,C35,5/11/2020,Prescribed Courses,Y,,,
43,5/4/2020,5/4/2020,8-Hour Fall Prevention,SST-307,Menotti Enterprise LLC,4B74,Yes,Online,,,,,5/12/2020,4:30 PM,8:30 PM,Jon Bentatcourt,English,$158 ,Web,,Provider: Menotti Enterprise LLC; Instructor: Jon Bentatcourt (Language: English),https://www.menottienterprise.com/,844-723-3692,TL999,C35,5/12/2020,Prescribed Courses,Y,,,
44,5/4/2020,5/3/2020,4-Hour Supported Scaffold User and Refresher,SCA-201,SAFCO Construction Safety Services,4Q53,Yes,Online,,,,,5/11/2020,8:00 AM,12:00 PM,Rivera,English,,Web,,Provider: SAFCO Construction Safety Services; Instructor: Rivera (Language: English),https://safcoconstructionservices.com/,929-296-0303,TL999,C34,5/11/2020,Prescribed Courses,Y,,,
45,5/4/2020,5/3/2020,1-Hour First Aid and CPR,SST-104,SAFCO Construction Safety Services,4Q53,Yes,Online,,,,,5/11/2020,12:30 PM,1:30 PM,Rivera,English,,Web,,Provider: SAFCO Construction Safety Services; Instructor: Rivera (Language: English),https://safcoconstructionservices.com/,929-296-0303,TL999,C18,5/11/2020,General Elective Courses,Y,,,
46,5/4/2020,5/3/2020,1-Hour Fire Protection and Prevention,SST-103,SAFCO Construction Safety Services,4Q53,Yes,Online,,,,,5/11/2020,1:30 PM,2:30 PM,Rivera,English,,Web,,Provider: SAFCO Construction Safety Services; Instructor: Rivera (Language: English),https://safcoconstructionservices.com/,929-296-0303,TL999,C17,5/11/2020,General Elective Courses,Y,,,
47,5/4/2020,5/3/2020,2.50-Hour Foundations for Safety Leadership,SST-217,SAFCO Construction Safety Services,4Q53,Yes,Online,,,,,5/11/2020,2:30 PM,5:00 PM,Rivera,English,,Web,,Provider: SAFCO Construction Safety Services; Instructor: Rivera (Language: English),https://safcoconstructionservices.com/,929-296-0303,TL999,C64,5/11/2020,Specialized Elective Courses,Y,,,
48,5/4/2020,5/3/2020,8-Hour Site Safety Manager Refresher/Chapter 33,SAF-202,SAFCO Construction Safety Services,4Q53,Yes,Online,,,,,5/12/2020,8:00 AM,4:00 PM,Rivera,English,,Web,,Provider: SAFCO Construction Safety Services; Instructor: Rivera (Language: English),https://safcoconstructionservices.com/,929-296-0303,TL999,C36,5/12/2020,Prescribed Courses,Y,,,
49,5/4/2020,5/3/2020,2-Hour Site Safety Plan (SSP),SST-301,SAFCO Construction Safety Services,4Q53,Yes,Online,,,,,5/13/2020,8:00 AM,10:00 AM,Rivera,English,,Web,,Provider: SAFCO Construction Safety Services; Instructor: Rivera (Language: English),https://safcoconstructionservices.com/,929-296-0303,TL999,C32,5/13/2020,Prescribed Courses,Y,,,
50,5/4/2020,5/3/2020,2-Hour Pre-Task Meeting,SST-303,SAFCO Construction Safety Services,4Q53,Yes,Online,,,,,5/13/2020,10:00 AM,12:00 PM,Rivera,English,,Web,,Provider: SAFCO Construction Safety Services; Instructor: Rivera (Language: English),https://safcoconstructionservices.com/,929-296-0303,TL999,C31,5/13/2020,Prescribed Courses,Y,,,
51,5/4/2020,5/3/2020,2-Hour Tool Box Talks,SST-304,SAFCO Construction Safety Services,4Q53,Yes,Online,,,,,5/13/2020,12:00 PM,2:00 PM,Rivera,English,,Web,,Provider: SAFCO Construction Safety Services; Instructor: Rivera (Language: English),https://safcoconstructionservices.com/,929-296-0303,TL999,C29,5/13/2020,Prescribed Courses,Y,,,
52,5/4/2020,5/3/2020,2-Hour Drug and Alcohol Awareness,SST-302,SAFCO Construction Safety Services,4Q53,Yes,Online,,,,,5/13/2020,2:00 PM,4:00 PM,Rivera,English,,Web,,Provider: SAFCO Construction Safety Services; Instructor: Rivera (Language: English),https://safcoconstructionservices.com/,929-296-0303,TL999,C30,5/13/2020,Prescribed Courses,Y,,,
53,5/4/2020,5/3/2020,8-Hour Fall Prevention,SST-307,SAFCO Construction Safety Services,4Q53,Yes,Online,,,,,5/14/2020,8:00 AM,4:00 PM,Rivera,English,,Web,,Provider: SAFCO Construction Safety Services; Instructor: Rivera (Language: English),https://safcoconstructionservices.com/,929-296-0303,TL999,C35,5/14/2020,Prescribed Courses,Y,,,
54,5/4/2020,5/3/2020,8-Hour Fall Prevention,SST-307,SAFCO Construction Safety Services,4Q53,Yes,Online,,,,,5/9/2020,8:00 AM,1:00 PM,Kiropoulos,English,,Web,,Provider: SAFCO Construction Safety Services; Instructor: Kiropoulos (Language: English),https://safcoconstructionservices.com/,929-296-0303,TL999,C35,5/9/2020,Prescribed Courses,Y,,,
55,5/4/2020,5/3/2020,8-Hour Fall Prevention,SST-307,SAFCO Construction Safety Services,4Q53,Yes,Online,,,,,5/10/2020,8:00 AM,11:00 AM,Kiropoulos,English,,Web,,Provider: SAFCO Construction Safety Services; Instructor: Kiropoulos (Language: English),https://safcoconstructionservices.com/,929-296-0303,TL999,C35,5/10/2020,Prescribed Courses,Y,,,
56,5/4/2020,5/3/2020,2-Hour Drug and Alcohol Awareness,SST-302,SAFCO Construction Safety Services,4Q53,Yes,Online,,,,,5/10/2020,11:00 AM,1:00 PM,Kiropoulos,English,,Web,,Provider: SAFCO Construction Safety Services; Instructor: Kiropoulos (Language: English),https://safcoconstructionservices.com/,929-296-0303,TL999,C30,5/10/2020,Prescribed Courses,Y,,,
57,5/4/2020,5/3/2020,8-Hour Fall Prevention,SST-307,SAFCO Construction Safety Services,4Q53,Yes,Online,,,,,5/16/2020,8:00 AM,1:00 PM,Kiropoulos,English,,Web,,Provider: SAFCO Construction Safety Services; Instructor: Kiropoulos (Language: English),https://safcoconstructionservices.com/,929-296-0303,TL999,C35,5/16/2020,Prescribed Courses,Y,,,
58,5/4/2020,5/3/2020,8-Hour Fall Prevention,SST-307,SAFCO Construction Safety Services,4Q53,Yes,Online,,,,,5/17/2020,8:00 AM,11:00 AM,Kiropoulos,English,,Web,,Provider: SAFCO Construction Safety Services; Instructor: Kiropoulos (Language: English),https://safcoconstructionservices.com/,929-296-0303,TL999,C35,5/17/2020,Prescribed Courses,Y,,,
59,5/4/2020,5/3/2020,2-Hour Drug and Alcohol Awareness,SST-302,SAFCO Construction Safety Services,4Q53,Yes,Online,,,,,5/17/2020,11:00 AM,1:00 PM,Kiropoulos,English,,Web,,Provider: SAFCO Construction Safety Services; Instructor: Kiropoulos (Language: English),https://safcoconstructionservices.com/,929-296-0303,TL999,C30,5/17/2020,Prescribed Courses,Y,,,
60,5/4/2020,5/3/2020,4-Hour Supported Scaffold User and Refresher,SCA-201,SAFCO Construction Safety Services,4Q53,Yes,Online,,,,,5/9/2020,8:00 AM,12:00 PM,PINO,English,,Web,,Provider: SAFCO Construction Safety Services; Instructor: PINO (Language: English),https://safcoconstructionservices.com/,929-296-0303,TL999,C34,5/9/2020,Prescribed Courses,Y,,,
61,5/4/2020,5/3/2020,1-Hour First Aid and CPR,SST-104,SAFCO Construction Safety Services,4Q53,Yes,Online,,,,,5/9/2020,12:30 PM,1:30 PM,PINO,English,,Web,,Provider: SAFCO Construction Safety Services; Instructor: PINO (Language: English),https://safcoconstructionservices.com/,929-296-0303,TL999,C18,5/9/2020,General Elective Courses,Y,,,
62,5/4/2020,5/3/2020,1-Hour Fire Protection and Prevention,SST-103,SAFCO Construction Safety Services,4Q53,Yes,Online,,,,,5/9/2020,1:30 PM,2:30 PM,PINO,English,,Web,,Provider: SAFCO Construction Safety Services; Instructor: PINO (Language: English),https://safcoconstructionservices.com/,929-296-0303,TL999,C17,5/9/2020,General Elective Courses,Y,,,
63,5/4/2020,5/3/2020,2.50-Hour Foundations for Safety Leadership,SST-217,SAFCO Construction Safety Services,4Q53,Yes,Online,,,,,5/9/2020,2:30 PM,5:00 PM,PINO,English,,Web,,Provider: SAFCO Construction Safety Services; Instructor: PINO (Language: English),https://safcoconstructionservices.com/,929-296-0303,TL999,C64,5/9/2020,Specialized Elective Courses,Y,,,
64,5/4/2020,5/3/2020,8-Hour Site Safety Manager Refresher/Chapter 33,SAF-202,SAFCO Construction Safety Services,4Q53,Yes,Online,,,,,5/10/2020,8:00 AM,4:00 PM,Rivera,English,,Web,,Provider: SAFCO Construction Safety Services; Instructor: Rivera (Language: English),https://safcoconstructionservices.com/,929-296-0303,TL999,C36,5/10/2020,Prescribed Courses,Y,,,
65,5/4/2020,5/3/2020,2-Hour Site Safety Plan (SSP),SST-301,SAFCO Construction Safety Services,4Q53,Yes,Online,,,,,5/16/2020,8:00 AM,10:00 AM,PINO,English,,Web,,Provider: SAFCO Construction Safety Services; Instructor: PINO (Language: English),https://safcoconstructionservices.com/,929-296-0303,TL999,C32,5/16/2020,Prescribed Courses,Y,,,
66,5/4/2020,5/3/2020,2-Hour Pre-Task Meeting,SST-303,SAFCO Construction Safety Services,4Q53,Yes,Online,,,,,5/16/2020,10:00 AM,12:00 PM,PINO,English,,Web,,Provider: SAFCO Construction Safety Services; Instructor: PINO (Language: English),https://safcoconstructionservices.com/,929-296-0303,TL999,C31,5/16/2020,Prescribed Courses,Y,,,
67,5/4/2020,5/3/2020,2-Hour Tool Box Talks,SST-304,SAFCO Construction Safety Services,4Q53,Yes,Online,,,,,5/16/2020,12:00 PM,2:00 PM,PINO,English,,Web,,Provider: SAFCO Construction Safety Services; Instructor: PINO (Language: English),https://safcoconstructionservices.com/,929-296-0303,TL999,C29,5/16/2020,Prescribed Courses,Y,,,
68,5/4/2020,5/3/2020,2-Hour Drug and Alcohol Awareness,SST-302,SAFCO Construction Safety Services,4Q53,Yes,Online,,,,,5/16/2020,2:00 PM,4:00 PM,PINO,English,,Web,,Provider: SAFCO Construction Safety Services; Instructor: PINO (Language: English),https://safcoconstructionservices.com/,929-296-0303,TL999,C30,5/16/2020,Prescribed Courses,Y,,,
69,5/4/2020,5/3/2020,8-Hour Fall Prevention,SST-307,SAFCO Construction Safety Services,4Q53,Yes,Online,,,,,5/17/2020,8:00 AM,4:00 PM,PINO,English,,Web,,Provider: SAFCO Construction Safety Services; Instructor: PINO (Language: English),https://safcoconstructionservices.com/,929-296-0303,TL999,C35,5/17/2020,Prescribed Courses,Y,,,
70,5/4/2020,5/3/2020,16-Hour Limited Gas Work Qualification,PLU-103,SAFCO Construction Safety Services,4Q53,Yes,Online,,,,,5/7/2020,8:00 AM,4:00 PM,Fagan,English,,Web,,Provider: SAFCO Construction Safety Services; Instructor: Fagan (Language: English),https://safcoconstructionservices.com/,929-296-0303,TL999,C26,5/7/2020,Plumbing Courses,N,,,
71,5/4/2020,5/3/2020,16-Hour Limited Gas Work Qualification,PLU-103,SAFCO Construction Safety Services,4Q53,Yes,Online,,,,,5/8/2020,8:00 AM,4:00 PM,Fagan,English,,Web,,Provider: SAFCO Construction Safety Services; Instructor: Fagan (Language: English),https://safcoconstructionservices.com/,929-296-0303,TL999,C26,5/8/2020,Plumbing Courses,N,,,
72,5/4/2020,5/3/2020,16-Hour Limited Gas Work Qualification,PLU-103,SAFCO Construction Safety Services,4Q53,Yes,Online,,,,,5/16/2020,8:00 AM,4:00 PM,Fagan,English,,Web,,Provider: SAFCO Construction Safety Services; Instructor: Fagan (Language: English),https://safcoconstructionservices.com/,929-296-0303,TL999,C26,5/16/2020,Plumbing Courses,N,,,
73,5/4/2020,5/3/2020,16-Hour Limited Gas Work Qualification,PLU-103,SAFCO Construction Safety Services,4Q53,Yes,Online,,,,,5/17/2020,8:00 AM,4:00 PM,Fagan,English,,Web,,Provider: SAFCO Construction Safety Services; Instructor: Fagan (Language: English),https://safcoconstructionservices.com/,929-296-0303,TL999,C26,5/17/2020,Plumbing Courses,N,,,
74,5/4/2020,5/1/2020,2-Hour Drug and Alcohol Awareness,SST-302,Kingsborough Community College,3B34,Yes,Online,,,,,5/2/2020,7:00 PM,9:00 PM,Aleksandr Kaushanskiy,English,,Web,,Provider: Kingsborough Community College; Instructor: Aleksandr Kaushanskiy (Language: English),https://www.kbcc.cuny.edu/ce/Pages/default.aspx,718-368-5669,TL999,C30,5/2/2020,Prescribed Courses,Y,,,
75,5/4/2020,5/1/2020,2-Hour Pre-Task Meeting,SST-303,Kingsborough Community College,3B34,Yes,Online,,,,,5/2/2020,9:00 PM,11:00 PM,Aleksandr Kaushanskiy,English,,Web,,Provider: Kingsborough Community College; Instructor: Aleksandr Kaushanskiy (Language: English),https://www.kbcc.cuny.edu/ce/Pages/default.aspx,718-368-5669,TL999,C31,5/2/2020,Prescribed Courses,Y,,,
76,5/4/2020,5/1/2020,8-Hour Fall Prevention,SST-307,Kingsborough Community College,3B34,Yes,Online,,,,,5/3/2020,10:00 AM,2:00 PM,Aleksandr Kaushanskiy,English,,Web,,Provider: Kingsborough Community College; Instructor: Aleksandr Kaushanskiy (Language: English),https://www.kbcc.cuny.edu/ce/Pages/default.aspx,718-368-5669,TL999,C35,5/3/2020,Prescribed Courses,Y,,,
77,5/4/2020,5/1/2020,8-Hour Fall Prevention,SST-307,Kingsborough Community College,3B34,Yes,Online,,,,,5/3/2020,2:30 PM,6:30 PM,Aleksandr Kaushanskiy,English,,Web,,Provider: Kingsborough Community College; Instructor: Aleksandr Kaushanskiy (Language: English),https://www.kbcc.cuny.edu/ce/Pages/default.aspx,718-368-5669,TL999,C35,5/3/2020,Prescribed Courses,Y,,,
78,5/4/2020,5/1/2020,8-Hour Site Safety Manager Refresher/Chapter 33,SAF-202,Kingsborough Community College,3B34,Yes,Online,,,,,5/4/2020,10:00 AM,2:00 PM,Aleksandr Kaushanskiy,English,,Web,,Provider: Kingsborough Community College; Instructor: Aleksandr Kaushanskiy (Language: English),https://www.kbcc.cuny.edu/ce/Pages/default.aspx,718-368-5669,TL999,C36,5/4/2020,Prescribed Courses,Y,,,
79,5/4/2020,5/1/2020,8-Hour Site Safety Manager Refresher/Chapter 33,SAF-202,Kingsborough Community College,3B34,Yes,Online,,,,,5/4/2020,2:30 PM,6:30 PM,Aleksandr Kaushanskiy,English,,Web,,Provider: Kingsborough Community College; Instructor: Aleksandr Kaushanskiy (Language: English),https://www.kbcc.cuny.edu/ce/Pages/default.aspx,718-368-5669,TL999,C36,5/4/2020,Prescribed Courses,Y,,,
80,5/4/2020,5/1/2020,2-Hour Site Safety Plan (SSP),SST-301,Kingsborough Community College,3B34,Yes,Online,,,,,5/5/2020,10:00 AM,12:00 PM,Aleksandr Kaushanskiy,English,,Web,,Provider: Kingsborough Community College; Instructor: Aleksandr Kaushanskiy (Language: English),https://www.kbcc.cuny.edu/ce/Pages/default.aspx,718-368-5669,TL999,C32,5/5/2020,Prescribed Courses,Y,,,
81,5/4/2020,5/1/2020,2-Hour Tool Box Talks,SST-304,Kingsborough Community College,3B34,Yes,Online,,,,,5/5/2020,12:00 PM,2:00 PM,Aleksandr Kaushanskiy,English,,Web,,Provider: Kingsborough Community College; Instructor: Aleksandr Kaushanskiy (Language: English),https://www.kbcc.cuny.edu/ce/Pages/default.aspx,718-368-5669,TL999,C29,5/5/2020,Prescribed Courses,Y,,,
82,5/4/2020,5/1/2020,4-Hour Supported Scaffold User and Refresher,SCA-201,Kingsborough Community College,3B34,Yes,Online,,,,,5/5/2020,2:30 PM,6:30 PM,Aleksandr Kaushanskiy,English,,Web,,Provider: Kingsborough Community College; Instructor: Aleksandr Kaushanskiy (Language: English),https://www.kbcc.cuny.edu/ce/Pages/default.aspx,718-368-5669,TL999,C34,5/5/2020,Prescribed Courses,Y,,,
83,5/4/2020,5/1/2020,1-Hour Handling Heavy Materials and Proper Lifting Techniques,SST-105,Kingsborough Community College,3B34,Yes,Online,,,,,5/6/2020,12:00 PM,1:00 PM,Aleksandr Kaushanskiy,English,,Web,,Provider: Kingsborough Community College; Instructor: Aleksandr Kaushanskiy (Language: English),https://www.kbcc.cuny.edu/ce/Pages/default.aspx,718-368-5669,TL999,C19,5/6/2020,General Elective Courses,Y,,,
84,5/4/2020,5/1/2020,1-Hour Protection From Sun Exposure,SST-108,Kingsborough Community College,3B34,Yes,Online,,,,,5/6/2020,1:00 PM,2:00 PM,Aleksandr Kaushanskiy,English,,Web,,Provider: Kingsborough Community College; Instructor: Aleksandr Kaushanskiy (Language: English),https://www.kbcc.cuny.edu/ce/Pages/default.aspx,718-368-5669,TL999,C22,5/6/2020,General Elective Courses,Y,,,
85,5/4/2020,5/1/2020,1-Hour Stairways and Ladders,SST-110,Kingsborough Community College,3B34,Yes,Online,,,,,5/6/2020,2:30 PM,3:30 PM,Aleksandr Kaushanskiy,English,,Web,,Provider: Kingsborough Community College; Instructor: Aleksandr Kaushanskiy (Language: English),https://www.kbcc.cuny.edu/ce/Pages/default.aspx,718-368-5669,TL999,C24,5/6/2020,General Elective Courses,Y,,,
86,5/4/2020,5/1/2020,1-Hour Tools Hand and Power,SST-111,Kingsborough Community College,3B34,Yes,Online,,,,,5/6/2020,3:30 PM,4:30 PM,Aleksandr Kaushanskiy,English,,Web,,Provider: Kingsborough Community College; Instructor: Aleksandr Kaushanskiy (Language: English),https://www.kbcc.cuny.edu/ce/Pages/default.aspx,718-368-5669,TL999,C25,5/6/2020,General Elective Courses,Y,,,
87,5/4/2020,5/1/2020,8-Hour Site Safety Manager Refresher/Chapter 33,SAF-202,Able Safety Consulting LLC,4L01,Yes,Online,,,,,5/2/2020,7:00 AM,4:00 PM,Kirk A Jeffries,English,$250 ,Web,,Provider: Able Safety Consulting LLC; Instructor: Kirk A Jeffries (Language: English),https://www.ablesafety.com/,718-593-4789,TL999,C36,5/2/2020,Prescribed Courses,Y,,,
88,5/4/2020,5/2/2020,30-Hour Special Rigger,CRA-106,"TSC Training Academy, LLC",4Q68,Yes,Online,,,,,5/4/2020,8:30 AM,5:00 PM,Dawid Ditrich,English,Varies,Web,,"Provider: TSC Training Academy, LLC; Instructor: Dawid Ditrich (Language: English)",https://www.tsctrainingacademy.com/,718-389-2103,TL999,C07,5/4/2020,Cranes & Derrick Courses,N,,,
89,5/4/2020,5/2/2020,8-Hour Fall Prevention,SST-307,"TSC Training Academy, LLC",4Q68,Yes,Online,,,,,5/4/2020,8:30 AM,5:00 PM,Jack Lamantia,English,Varies,Web,,"Provider: TSC Training Academy, LLC; Instructor: Jack Lamantia (Language: English)",https://www.tsctrainingacademy.com/,718-389-2103,TL999,C35,5/4/2020,Prescribed Courses,Y,,,
90,5/4/2020,5/2/2020,30-Hour Special Rigger,CRA-106,"TSC Training Academy, LLC",4Q68,Yes,Online,,,,,5/5/2020,8:30 AM,5:00 PM,Dawid Ditrich,English,Varies,Web,,"Provider: TSC Training Academy, LLC; Instructor: Dawid Ditrich (Language: English)",https://www.tsctrainingacademy.com/,718-389-2103,TL999,C07,5/5/2020,Cranes & Derrick Courses,N,,,
91,5/4/2020,5/2/2020,8-Hour Special Rigger Renewal,CRA-204,"TSC Training Academy, LLC",4Q68,Yes,Online,,,,,5/5/2020,8:30 AM,5:00 PM,Denio Sturzeneker,English,Varies,Web,,"Provider: TSC Training Academy, LLC; Instructor: Denio Sturzeneker (Language: English)",https://www.tsctrainingacademy.com/,718-389-2103,TL999,C14,5/5/2020,Cranes & Derrick Courses,N,,,
92,5/4/2020,5/2/2020,8-Hour Site Safety Manager Refresher/Chapter 33,SAF-202,"TSC Training Academy, LLC",4Q68,Yes,Online,,,,,5/5/2020,8:30 AM,5:00 PM,Ernie Medaglia,English,Varies,Web,,"Provider: TSC Training Academy, LLC; Instructor: Ernie Medaglia (Language: English)",https://www.tsctrainingacademy.com/,718-389-2103,TL999,C36,5/5/2020,Prescribed Courses,Y,,,
93,5/4/2020,5/2/2020,1-Hour First Aid and CPR,SST-104,"TSC Training Academy, LLC",4Q68,Yes,Online,,,,,5/7/2020,8:30 AM,9:30 AM,Javier Gallardo,English,Varies,Web,,"Provider: TSC Training Academy, LLC; Instructor: Javier Gallardo (Language: English)",https://www.tsctrainingacademy.com/,718-389-2103,TL999,C18,5/7/2020,General Elective Courses,Y,,,
94,5/4/2020,5/2/2020,1-Hour Hoisting and Rigging,SST-106,"TSC Training Academy, LLC",4Q68,Yes,Online,,,,,5/7/2020,9:30 AM,10:30 AM,Javier Gallardo,English,Varies,Web,,"Provider: TSC Training Academy, LLC; Instructor: Javier Gallardo (Language: English)",https://www.tsctrainingacademy.com/,718-389-2103,TL999,C20,5/7/2020,General Elective Courses,Y,,,
95,5/4/2020,5/2/2020,1-Hour Asbestos/Lead Awareness,SST-201,"TSC Training Academy, LLC",4Q68,Yes,Online,,,,,5/7/2020,10:45 AM,11:45 AM,Javier Gallardo,English,Varies,Web,,"Provider: TSC Training Academy, LLC; Instructor: Javier Gallardo (Language: English)",https://www.tsctrainingacademy.com/,718-389-2103,TL999,C48,5/7/2020,Specialized Elective Courses,Y,,,
96,5/4/2020,5/2/2020,1-Hour Flag Person,SST-208,"TSC Training Academy, LLC",4Q68,Yes,Online,,,,,5/7/2020,11:45 AM,12:45 PM,Javier Gallardo,English,Varies,Web,,"Provider: TSC Training Academy, LLC; Instructor: Javier Gallardo (Language: English)",https://www.tsctrainingacademy.com/,718-389-2103,TL999,C55,5/7/2020,Specialized Elective Courses,Y,,,
97,5/4/2020,5/2/2020,1-Hour Confined Space Entry,SST-202,"TSC Training Academy, LLC",4Q68,Yes,Online,,,,,5/7/2020,1:00 PM,2:00 PM,Javier Gallardo,English,Varies,Web,,"Provider: TSC Training Academy, LLC; Instructor: Javier Gallardo (Language: English)",https://www.tsctrainingacademy.com/,718-389-2103,TL999,C50,5/7/2020,Specialized Elective Courses,Y,,,
98,5/4/2020,5/2/2020,"1-Hour Personnel Lifts: Aerial Lifts, Scissor Lifts and Mobile Scaffolds",SST-210,"TSC Training Academy, LLC",4Q68,Yes,Online,,,,,5/7/2020,2:00 PM,3:00 PM,Javier Gallardo,English,Varies,Web,,"Provider: TSC Training Academy, LLC; Instructor: Javier Gallardo (Language: English)",https://www.tsctrainingacademy.com/,718-389-2103,TL999,C59,5/7/2020,Specialized Elective Courses,Y,,,
99,5/4/2020,5/2/2020,1-Hour Protection From Sun Exposure,SST-108,"TSC Training Academy, LLC",4Q68,Yes,Online,,,,,5/7/2020,3:15 PM,4:15 PM,Javier Gallardo,English,Varies,Web,,"Provider: TSC Training Academy, LLC; Instructor: Javier Gallardo (Language: English)",https://www.tsctrainingacademy.com/,718-389-2103,TL999,C22,5/7/2020,General Elective Courses,Y,,,
100,5/4/2020,5/2/2020,1-Hour Tools Hand and Power,SST-111,"TSC Training Academy, LLC",4Q68,Yes,Online,,,,,5/7/2020,4:15 PM,5:15 PM,Javier Gallardo,English,Varies,Web,,"Provider: TSC Training Academy, LLC; Instructor: Javier Gallardo (Language: English)",https://www.tsctrainingacademy.com/,718-389-2103,TL999,C25,5/7/2020,General Elective Courses,Y,,,
101,5/4/2020,5/2/2020,4-Hour Supported Scaffold User and Refresher,SCA-201,"TSC Training Academy, LLC",4Q68,Yes,Online,,,,,5/8/2020,9:00 AM,1:30 PM,Javier Gallardo,English,Varies,Web,,"Provider: TSC Training Academy, LLC; Instructor: Javier Gallardo (Language: English)",https://www.tsctrainingacademy.com/,718-389-2103,TL999,C34,5/8/2020,Prescribed Courses,Y,,,
102,5/4/2020,5/2/2020,2-Hour Drug and Alcohol Awareness,SST-302,"TSC Training Academy, LLC",4Q68,Yes,Online,,,,,5/8/2020,2:00 PM,4:00 PM,Angel Medina,English,Varies,Web,,"Provider: TSC Training Academy, LLC; Instructor: Angel Medina (Language: English)",https://www.tsctrainingacademy.com/,718-389-2103,TL999,C30,5/8/2020,Prescribed Courses,Y,,,
103,5/4/2020,5/2/2020,40-Hour Site Safety Manager,SAF-102,"TSC Training Academy, LLC",4Q68,Yes,Online,,,,,5/9/2020,8:30 AM,5:00 PM,Ernie Medaglia,English,Varies,Web,,"Provider: TSC Training Academy, LLC; Instructor: Ernie Medaglia (Language: English)",https://www.tsctrainingacademy.com/,718-389-2103,TL999,C37,5/9/2020,Safety Courses,N,,,
104,5/5/2020,5/5/2020,8-Hour Master & Special Electrician Renewal,ELE-201,"School of Electrical Education, Inc.",2B57,Yes,Online,,,,,5/5/2020,8:30 AM,5:00 PM,Robert Boender,English,$245 ,Web,,"Provider: School of Electrical Education, Inc.; Instructor: Robert Boender (Language: English)",https://schoolofelectricaleducation.com/,347-435-0022,TL999,C15,5/5/2020,Electrical Courses,N,,,
105,5/5/2020,5/5/2020,8-Hour Site Safety Manager Refresher/Chapter 33,SAF-202,Able Safety Consulting LLC,4L01,Yes,Online,,,,,5/22/2020,7:00 AM,4:00 PM,Kirk A Jeffries,English,$250 ,Web,,Provider: Able Safety Consulting LLC; Instructor: Kirk A Jeffries (Language: English),https://www.ablesafety.com/,718-593-4789,TL999,C36,5/22/2020,Prescribed Courses,Y,,,
106,5/5/2020,5/5/2020,40-Hour Site Safety Manager,SAF-102,Able Safety Consulting LLC,4L01,Yes,Online,,,,,5/16/2020,7:00 AM,7:00 PM,Kirk A Jeffries,English,$700 ,Web,,Provider: Able Safety Consulting LLC; Instructor: Kirk A Jeffries (Language: English),https://www.ablesafety.com/,718-593-4789,TL999,C37,5/16/2020,Safety Courses,N,,,
107,5/5/2020,5/5/2020,40-Hour Site Safety Manager,SAF-102,Able Safety Consulting LLC,4L01,Yes,Online,,,,,5/17/2020,7:00 AM,7:00 PM,Kirk A Jeffries,English,$700 ,Web,,Provider: Able Safety Consulting LLC; Instructor: Kirk A Jeffries (Language: English),https://www.ablesafety.com/,718-593-4789,TL999,C37,5/17/2020,Safety Courses,N,,,
108,5/5/2020,5/5/2020,40-Hour Site Safety Manager,SAF-102,Able Safety Consulting LLC,4L01,Yes,Online,,,,,5/23/2020,7:00 AM,7:00 PM,Kirk A Jeffries,English,$700 ,Web,,Provider: Able Safety Consulting LLC; Instructor: Kirk A Jeffries (Language: English),https://www.ablesafety.com/,718-593-4789,TL999,C37,5/23/2020,Safety Courses,N,,,
109,5/5/2020,5/5/2020,40-Hour Site Safety Manager,SAF-102,Able Safety Consulting LLC,4L01,Yes,Online,,,,,5/24/2020,7:00 AM,7:00 PM,Kirk A Jeffries,English,$700 ,Web,,Provider: Able Safety Consulting LLC; Instructor: Kirk A Jeffries (Language: English),https://www.ablesafety.com/,718-593-4789,TL999,C37,5/24/2020,Safety Courses,N,,,
110,5/6/2020,5/6/2020,8-Hour Fall Prevention,SST-307,"Site Safety, LLC",4M60,Yes,Online,,,,,5/6/2020,4:00 PM,8:00 PM,Diego Suarez,English,$200 ,Web,,"Provider: Site Safety, LLC; Instructor: Diego Suarez (Language: English)",https://www.site-safety.com/,212-683-7200,TL999,C35,5/6/2020,Prescribed Courses,Y,,,
111,5/6/2020,5/6/2020,8-Hour Fall Prevention,SST-307,"Site Safety, LLC",4M60,Yes,Online,,,,,5/7/2020,4:00 PM,8:00 PM,Diego Suarez,English,$200 ,Web,,"Provider: Site Safety, LLC; Instructor: Diego Suarez (Language: English)",https://www.site-safety.com/,212-683-7200,TL999,C35,5/7/2020,Prescribed Courses,Y,,,
112,5/6/2020,5/6/2020,8-Hour Site Safety Manager Refresher/Chapter 33,SAF-202,"Site Safety, LLC",4M60,Yes,Online,,,,,5/7/2020,8:00 AM,12:00 PM,Victor Pacheco,English,$200 ,Web,,"Provider: Site Safety, LLC; Instructor: Victor Pacheco (Language: English)",https://www.site-safety.com/,212-683-7200,TL999,C36,5/7/2020,Prescribed Courses,Y,,,
113,5/6/2020,5/6/2020,8-Hour Site Safety Manager Refresher/Chapter 33,SAF-202,"Site Safety, LLC",4M60,Yes,Online,,,,,5/8/2020,8:00 AM,12:00 PM,Victor Pacheco,English,$200 ,Web,,"Provider: Site Safety, LLC; Instructor: Victor Pacheco (Language: English)",https://www.site-safety.com/,212-683-7200,TL999,C36,5/8/2020,Prescribed Courses,Y,,,
114,5/6/2020,5/6/2020,4-Hour Supported Scaffold User and Refresher,SCA-201,"Site Safety, LLC",4M60,Yes,Online,,,,,5/7/2020,12:00 PM,4:00 PM,Diego Suarez,English,$115 ,Web,,"Provider: Site Safety, LLC; Instructor: Diego Suarez (Language: English)",https://www.site-safety.com/,212-683-7200,TL999,C34,5/7/2020,Prescribed Courses,Y,,,
115,5/6/2020,5/6/2020,2-Hour Drug and Alcohol Awareness,SST-302,"Site Safety, LLC",4M60,Yes,Online,,,,,5/8/2020,7:00 AM,9:00 AM,Christopfer Connor,English,$60 ,Web,,"Provider: Site Safety, LLC; Instructor: Christopfer Connor (Language: English)",https://www.site-safety.com/,212-683-7200,TL999,C30,5/8/2020,Prescribed Courses,Y,,,
116,5/6/2020,5/6/2020,2-Hour Drug and Alcohol Awareness,SST-302,"Site Safety, LLC",4M60,Yes,Online,,,,,5/14/2020,4:00 PM,6:00 PM,Diego Suarez,English,$60 ,Web,,"Provider: Site Safety, LLC; Instructor: Diego Suarez (Language: English)",https://www.site-safety.com/,212-683-7200,TL999,C30,5/14/2020,Prescribed Courses,Y,,,
117,5/6/2020,5/6/2020,8-Hour Fall Prevention,SST-307,"Site Safety, LLC",4M60,Yes,Online,,,,,5/12/2020,8:00 AM,12:00 PM,Diego Suarez,English,$200 ,Web,,"Provider: Site Safety, LLC; Instructor: Diego Suarez (Language: English)",https://www.site-safety.com/,212-683-7200,TL999,C35,5/12/2020,Prescribed Courses,Y,,,
118,5/7/2020,5/6/2020,4-Hour Supported Scaffold User and Refresher,SCA-201,Compu21 Institute Corp.,2Q17,Yes,Online,,,,,5/9/2020,10:00 AM,2:15 PM,Richard Sepulveda,Spanish,$150 ,Web,,Provider: Compu21 Institute Corp.; Instructor: Richard Sepulveda (Language: Spanish),https://compu21safetytraining.com/,718-762-1900,TL999,C34,5/9/2020,Prescribed Courses,Y,,,
119,5/7/2020,5/6/2020,16-Hour Suspended Scaffold User,SCA-103,"Andromeda Academy, LLC",4Q04,Yes,Online,,,,,5/10/2020,8:00 AM,5:00 PM,Victor Goris,Spanish,$400 ,Web,,"Provider: Andromeda Academy, LLC; Instructor: Victor Goris (Language: Spanish)",http://andromedaacademy.com/,347-510-4283,TL999,C41,5/10/2020,Scaffold Courses,N,,,
120,5/7/2020,5/6/2020,8-Hour Fall Prevention,SST-307,IUOE Local 14 – 14B,1Q31,Yes,Online,,,,,5/13/2020,8:00 AM,5:00 PM,Timothy Brogan,English,Varies,Web,,Provider: IUOE Local 14 – 14B; Instructor: Timothy Brogan (Language: English),http://www.local14funds.org/,718-939-0600,TL999,C35,5/13/2020,Prescribed Courses,Y,,,
121,5/7/2020,5/6/2020,2-Hour Drug and Alcohol Awareness,SST-302,IUOE Local 14 – 14B,1Q31,Yes,Online,,,,,5/13/2020,5:00 PM,7:00 PM,Timothy Brogan,English,Varies,Web,,Provider: IUOE Local 14 – 14B; Instructor: Timothy Brogan (Language: English),http://www.local14funds.org/,718-939-0600,TL999,C30,5/13/2020,Prescribed Courses,Y,,,
122,5/7/2020,5/6/2020,2-Hour Drug and Alcohol Awareness,SST-302,IUOE Local 14 – 14B,1Q31,Yes,Online,,,,,5/14/2020,8:00 AM,10:00 AM,Timothy Brogan,English,Varies,Web,,Provider: IUOE Local 14 – 14B; Instructor: Timothy Brogan (Language: English),http://www.local14funds.org/,718-939-0600,TL999,C30,5/14/2020,Prescribed Courses,Y,,,
123,5/7/2020,5/6/2020,2-Hour Drug and Alcohol Awareness,SST-302,IUOE Local 14 – 14B,1Q31,Yes,Online,,,,,5/14/2020,11:00 AM,1:00 PM,Timothy Brogan,English,Varies,Web,,Provider: IUOE Local 14 – 14B; Instructor: Timothy Brogan (Language: English),http://www.local14funds.org/,718-939-0600,TL999,C30,5/14/2020,Prescribed Courses,Y,,,
124,5/7/2020,5/6/2020,8-Hour Fall Prevention,SST-307,IUOE Local 14 – 14B,1Q31,Yes,Online,,,,,5/16/2020,8:00 AM,5:00 PM,Timothy Brogan,English,Varies,Web,,Provider: IUOE Local 14 – 14B; Instructor: Timothy Brogan (Language: English),http://www.local14funds.org/,718-939-0600,TL999,C35,5/16/2020,Prescribed Courses,Y,,,
125,5/7/2020,5/6/2020,8-Hour Fall Prevention,SST-307,IUOE Local 14 – 14B,1Q31,Yes,Online,,,,,5/20/2020,8:00 AM,5:00 PM,Timothy Brogan,English,Varies,Web,,Provider: IUOE Local 14 – 14B; Instructor: Timothy Brogan (Language: English),http://www.local14funds.org/,718-939-0600,TL999,C35,5/20/2020,Prescribed Courses,Y,,,
126,5/7/2020,5/6/2020,2-Hour Drug and Alcohol Awareness,SST-302,IUOE Local 14 – 14B,1Q31,Yes,Online,,,,,5/20/2020,5:00 PM,7:00 PM,Timothy Brogan,English,Varies,Web,,Provider: IUOE Local 14 – 14B; Instructor: Timothy Brogan (Language: English),http://www.local14funds.org/,718-939-0600,TL999,C30,5/20/2020,Prescribed Courses,Y,,,
127,5/7/2020,5/6/2020,2-Hour Drug and Alcohol Awareness,SST-302,IUOE Local 14 – 14B,1Q31,Yes,Online,,,,,5/21/2020,8:00 AM,10:00 AM,Timothy Brogan,English,Varies,Web,,Provider: IUOE Local 14 – 14B; Instructor: Timothy Brogan (Language: English),http://www.local14funds.org/,718-939-0600,TL999,C30,5/21/2020,Prescribed Courses,Y,,,
128,5/7/2020,5/6/2020,2-Hour Drug and Alcohol Awareness,SST-302,IUOE Local 14 – 14B,1Q31,Yes,Online,,,,,5/21/2020,11:00 AM,1:00 PM,Timothy Brogan,English,Varies,Web,,Provider: IUOE Local 14 – 14B; Instructor: Timothy Brogan (Language: English),http://www.local14funds.org/,718-939-0600,TL999,C30,5/21/2020,Prescribed Courses,Y,,,
129,5/7/2020,5/6/2020,8-Hour Fall Prevention,SST-307,IUOE Local 14 – 14B,1Q31,Yes,Online,,,,,5/23/2020,8:00 AM,5:00 PM,Timothy Brogan,English,Varies,Web,,Provider: IUOE Local 14 – 14B; Instructor: Timothy Brogan (Language: English),http://www.local14funds.org/,718-939-0600,TL999,C35,5/23/2020,Prescribed Courses,Y,,,
130,5/8/2020,5/7/2020,40-Hour Site Safety Manager,SAF-102,BSI Services and Solutions (NYC) Inc.,1BM10,Yes,Online,,,,,5/11/2020,7:55 AM,5:00 PM,David Drozdov,English,$520 ,Web,,Provider: BSI Services and Solutions (NYC) Inc.; Instructor: David Drozdov (Language: English),https://www.bsigroup.com/en-US/professional-services/environmental-health-safety/services-solutions/training/NYCDOB-training-courses/,212-290-6323,TL999,C37,5/11/2020,Safety Courses,N,,,
131,5/8/2020,5/7/2020,40-Hour Site Safety Manager,SAF-102,BSI Services and Solutions (NYC) Inc.,1BM10,Yes,Online,,,,,5/12/2020,7:55 AM,5:00 PM,David Drozdov,English,$520 ,Web,,Provider: BSI Services and Solutions (NYC) Inc.; Instructor: David Drozdov (Language: English),https://www.bsigroup.com/en-US/professional-services/environmental-health-safety/services-solutions/training/NYCDOB-training-courses/,212-290-6323,TL999,C37,5/12/2020,Safety Courses,N,,,
132,5/8/2020,5/7/2020,40-Hour Site Safety Manager,SAF-102,BSI Services and Solutions (NYC) Inc.,1BM10,Yes,Online,,,,,5/13/2020,7:55 AM,5:00 PM,David Drozdov,English,$520 ,Web,,Provider: BSI Services and Solutions (NYC) Inc.; Instructor: David Drozdov (Language: English),https://www.bsigroup.com/en-US/professional-services/environmental-health-safety/services-solutions/training/NYCDOB-training-courses/,212-290-6323,TL999,C37,5/13/2020,Safety Courses,N,,,
133,5/8/2020,5/7/2020,40-Hour Site Safety Manager,SAF-102,BSI Services and Solutions (NYC) Inc.,1BM10,Yes,Online,,,,,5/14/2020,7:55 AM,5:00 PM,David Drozdov,English,$520 ,Web,,Provider: BSI Services and Solutions (NYC) Inc.; Instructor: David Drozdov (Language: English),https://www.bsigroup.com/en-US/professional-services/environmental-health-safety/services-solutions/training/NYCDOB-training-courses/,212-290-6323,TL999,C37,5/14/2020,Safety Courses,N,,,
134,5/8/2020,5/7/2020,40-Hour Site Safety Manager,SAF-102,BSI Services and Solutions (NYC) Inc.,1BM10,Yes,Online,,,,,5/15/2020,7:55 AM,5:00 PM,David Drozdov,English,$520 ,Web,,Provider: BSI Services and Solutions (NYC) Inc.; Instructor: David Drozdov (Language: English),https://www.bsigroup.com/en-US/professional-services/environmental-health-safety/services-solutions/training/NYCDOB-training-courses/,212-290-6323,TL999,C37,5/15/2020,Safety Courses,N,,,
135,5/8/2020,5/7/2020,8-Hour Fall Prevention,SST-307,BSI Services and Solutions (NYC) Inc.,1BM10,Yes,Online,,,,,5/18/2020,7:55 AM,5:00 PM,David Drozdov,English,$225 ,Web,,Provider: BSI Services and Solutions (NYC) Inc.; Instructor: David Drozdov (Language: English),https://www.bsigroup.com/en-US/professional-services/environmental-health-safety/services-solutions/training/NYCDOB-training-courses/,212-290-6323,TL999,C35,5/18/2020,Prescribed Courses,Y,,,
136,5/8/2020,5/7/2020,8-Hour Site Safety Manager Refresher/Chapter 33,SAF-202,BSI Services and Solutions (NYC) Inc.,1BM10,Yes,Online,,,,,5/19/2020,7:55 AM,5:00 PM,David Drozdov,English,$225 ,Web,,Provider: BSI Services and Solutions (NYC) Inc.; Instructor: David Drozdov (Language: English),https://www.bsigroup.com/en-US/professional-services/environmental-health-safety/services-solutions/training/NYCDOB-training-courses/,212-290-6323,TL999,C36,5/19/2020,Prescribed Courses,Y,,,
137,5/8/2020,5/7/2020,2-Hour Drug and Alcohol Awareness,SST-302,BSI Services and Solutions (NYC) Inc.,1BM10,Yes,Online,,,,,5/20/2020,7:55 AM,10:00 AM,David Drozdov,English,65 or 225 ,Web,,Provider: BSI Services and Solutions (NYC) Inc.; Instructor: David Drozdov (Language: English),https://www.bsigroup.com/en-US/professional-services/environmental-health-safety/services-solutions/training/NYCDOB-training-courses/,212-290-6323,TL999,C30,5/20/2020,Prescribed Courses,Y,,,
138,5/8/2020,5/7/2020,2-Hour Tool Box Talks,SST-304,BSI Services and Solutions (NYC) Inc.,1BM10,Yes,Online,,,,,5/20/2020,10:00 AM,12:00 PM,David Drozdov,English,$225 ,Web,,Provider: BSI Services and Solutions (NYC) Inc.; Instructor: David Drozdov (Language: English),https://www.bsigroup.com/en-US/professional-services/environmental-health-safety/services-solutions/training/NYCDOB-training-courses/,212-290-6323,TL999,C29,5/20/2020,Prescribed Courses,Y,,,
139,5/8/2020,5/7/2020,2-Hour Pre-Task Meeting,SST-303,BSI Services and Solutions (NYC) Inc.,1BM10,Yes,Online,,,,,5/20/2020,1:00 PM,3:00 PM,David Drozdov,English,$225 ,Web,,Provider: BSI Services and Solutions (NYC) Inc.; Instructor: David Drozdov (Language: English),https://www.bsigroup.com/en-US/professional-services/environmental-health-safety/services-solutions/training/NYCDOB-training-courses/,212-290-6323,TL999,C31,5/20/2020,Prescribed Courses,Y,,,
140,5/8/2020,5/7/2020,2-Hour Site Safety Plan (SSP),SST-301,BSI Services and Solutions (NYC) Inc.,1BM10,Yes,Online,,,,,5/20/2020,3:00 PM,5:00 PM,David Drozdov,English,$225 ,Web,,Provider: BSI Services and Solutions (NYC) Inc.; Instructor: David Drozdov (Language: English),https://www.bsigroup.com/en-US/professional-services/environmental-health-safety/services-solutions/training/NYCDOB-training-courses/,212-290-6323,TL999,C32,5/20/2020,Prescribed Courses,Y,,,
141,5/8/2020,5/7/2020,1-Hour Asbestos/Lead Awareness,SST-201,BSI Services and Solutions (NYC) Inc.,1BM10,Yes,Online,,,,,5/21/2020,7:55 AM,9:00 AM,David Drozdov,English,$125 ,Web,,Provider: BSI Services and Solutions (NYC) Inc.; Instructor: David Drozdov (Language: English),https://www.bsigroup.com/en-US/professional-services/environmental-health-safety/services-solutions/training/NYCDOB-training-courses/,212-290-6323,TL999,C48,5/21/2020,Specialized Elective Courses,Y,,,
142,5/8/2020,5/7/2020,1-Hour Confined Space Entry,SST-202,BSI Services and Solutions (NYC) Inc.,1BM10,Yes,Online,,,,,5/21/2020,9:00 AM,10:00 AM,David Drozdov,English,$125 ,Web,,Provider: BSI Services and Solutions (NYC) Inc.; Instructor: David Drozdov (Language: English),https://www.bsigroup.com/en-US/professional-services/environmental-health-safety/services-solutions/training/NYCDOB-training-courses/,212-290-6323,TL999,C50,5/21/2020,Specialized Elective Courses,Y,,,
143,5/8/2020,5/7/2020,1-Hour Stairways and Ladders,SST-110,BSI Services and Solutions (NYC) Inc.,1BM10,Yes,Online,,,,,5/21/2020,10:00 AM,11:00 AM,David Drozdov,English,$125 ,Web,,Provider: BSI Services and Solutions (NYC) Inc.; Instructor: David Drozdov (Language: English),https://www.bsigroup.com/en-US/professional-services/environmental-health-safety/services-solutions/training/NYCDOB-training-courses/,212-290-6323,TL999,C24,5/21/2020,General Elective Courses,Y,,,
144,5/8/2020,5/7/2020,1-Hour Electrocution Prevention,SST-102,BSI Services and Solutions (NYC) Inc.,1BM10,Yes,Online,,,,,5/21/2020,11:00 AM,12:00 PM,David Drozdov,English,$125 ,Web,,Provider: BSI Services and Solutions (NYC) Inc.; Instructor: David Drozdov (Language: English),https://www.bsigroup.com/en-US/professional-services/environmental-health-safety/services-solutions/training/NYCDOB-training-courses/,212-290-6323,TL999,C16,5/21/2020,General Elective Courses,Y,,,
145,5/8/2020,5/7/2020,4-Hour Supported Scaffold User and Refresher,SCA-201,BSI Services and Solutions (NYC) Inc.,1BM10,Yes,Online,,,,,5/22/2020,7:55 AM,12:00 PM,David Drozdov,English,$125 ,Web,,Provider: BSI Services and Solutions (NYC) Inc.; Instructor: David Drozdov (Language: English),https://www.bsigroup.com/en-US/professional-services/environmental-health-safety/services-solutions/training/NYCDOB-training-courses/,212-290-6323,TL999,C34,5/22/2020,Prescribed Courses,Y,,,
146,5/8/2020,5/7/2020,8-Hour Site Safety Coordinator,SAF-103,BSI Services and Solutions (NYC) Inc.,1BM10,Yes,Online,,,,,5/26/2020,7:55 AM,5:00 PM,David Drozdov,English,$225 ,Web,,Provider: BSI Services and Solutions (NYC) Inc.; Instructor: David Drozdov (Language: English),https://www.bsigroup.com/en-US/professional-services/environmental-health-safety/services-solutions/training/NYCDOB-training-courses/,212-290-6323,TL999,C39,5/26/2020,Safety Courses,N,,,
147,5/8/2020,5/7/2020,8-Hour Fall Prevention,SST-307,BSI Services and Solutions (NYC) Inc.,1BM10,Yes,Online,,,,,5/27/2020,7:55 AM,5:00 PM,David Drozdov,English,$225 ,Web,,Provider: BSI Services and Solutions (NYC) Inc.; Instructor: David Drozdov (Language: English),https://www.bsigroup.com/en-US/professional-services/environmental-health-safety/services-solutions/training/NYCDOB-training-courses/,212-290-6323,TL999,C35,5/27/2020,Prescribed Courses,Y,,,
148,5/8/2020,5/7/2020,8-Hour Site Safety Manager Refresher/Chapter 33,SAF-202,BSI Services and Solutions (NYC) Inc.,1BM10,Yes,Online,,,,,5/28/2020,7:55 AM,5:00 PM,David Drozdov,English,$225 ,Web,,Provider: BSI Services and Solutions (NYC) Inc.; Instructor: David Drozdov (Language: English),https://www.bsigroup.com/en-US/professional-services/environmental-health-safety/services-solutions/training/NYCDOB-training-courses/,212-290-6323,TL999,C36,5/28/2020,Prescribed Courses,Y,,,
149,5/8/2020,5/7/2020,2-Hour Drug and Alcohol Awareness,SST-302,BSI Services and Solutions (NYC) Inc.,1BM10,Yes,Online,,,,,5/29/2020,7:55 AM,10:00 AM,David Drozdov,English,$65 ,Web,,Provider: BSI Services and Solutions (NYC) Inc.; Instructor: David Drozdov (Language: English),https://www.bsigroup.com/en-US/professional-services/environmental-health-safety/services-solutions/training/NYCDOB-training-courses/,212-290-6323,TL999,C30,5/29/2020,Prescribed Courses,Y,,,
150,5/8/2020,5/7/2020,8-Hour Master & Special Electrician Renewal,ELE-201,"Electrical and HVAC/R Training Center, Inc.",2L22,Yes,Online,,,,,5/11/2020,6:00 PM,10:00 PM,Tom Terino,English,$220 ,Web,,"Provider: Electrical and HVAC/R Training Center, Inc.; Instructor: Tom Terino (Language: English)",https://www.electricaltrainingcenter.edu/,631-226-8021,TL999,C15,5/11/2020,Electrical Courses,N,,,
151,5/8/2020,5/7/2020,8-Hour Master & Special Electrician Renewal,ELE-201,"Electrical and HVAC/R Training Center, Inc.",2L22,Yes,Online,,,,,5/13/2020,6:00 PM,10:00 PM,Tom Terino,English,$220 ,Web,,"Provider: Electrical and HVAC/R Training Center, Inc.; Instructor: Tom Terino (Language: English)",https://www.electricaltrainingcenter.edu/,631-226-8021,TL999,C15,5/13/2020,Electrical Courses,N,,,
152,5/8/2020,5/8/2020,40-Hour Site Safety Manager,SAF-102,"Certified Site Safety of NY, LLC",4W14,Yes,Online,,,,,5/13/2020,8:30 AM,2:00 PM,Robert Serino,English,Varies,Web,,"Provider: Certified Site Safety of NY, LLC; Instructor: Robert Serino (Language: English)",https://certifiedsitesafety.com/,914-437-5454,TL999,C37,5/13/2020,Safety Courses,N,,,
153,5/8/2020,5/8/2020,40-Hour Site Safety Manager,SAF-102,"Certified Site Safety of NY, LLC",4W14,Yes,Online,,,,,5/14/2020,8:30 AM,2:00 PM,Robert Serino,English,Varies,Web,,"Provider: Certified Site Safety of NY, LLC; Instructor: Robert Serino (Language: English)",https://certifiedsitesafety.com/,914-437-5454,TL999,C37,5/14/2020,Safety Courses,N,,,
154,5/8/2020,5/8/2020,40-Hour Site Safety Manager,SAF-102,"Certified Site Safety of NY, LLC",4W14,Yes,Online,,,,,5/15/2020,8:30 AM,2:00 PM,Robert Serino,English,Varies,Web,,"Provider: Certified Site Safety of NY, LLC; Instructor: Robert Serino (Language: English)",https://certifiedsitesafety.com/,914-437-5454,TL999,C37,5/15/2020,Safety Courses,N,,,
155,5/8/2020,5/8/2020,40-Hour Site Safety Manager,SAF-102,"Certified Site Safety of NY, LLC",4W14,Yes,Online,,,,,5/18/2020,8:30 AM,2:00 PM,Robert Serino,English,Varies,Web,,"Provider: Certified Site Safety of NY, LLC; Instructor: Robert Serino (Language: English)",https://certifiedsitesafety.com/,914-437-5454,TL999,C37,5/18/2020,Safety Courses,N,,,
156,5/8/2020,5/8/2020,40-Hour Site Safety Manager,SAF-102,"Certified Site Safety of NY, LLC",4W14,Yes,Online,,,,,5/19/2020,8:30 AM,2:00 PM,Robert Serino,English,Varies,Web,,"Provider: Certified Site Safety of NY, LLC; Instructor: Robert Serino (Language: English)",https://certifiedsitesafety.com/,914-437-5454,TL999,C37,5/19/2020,Safety Courses,N,,,
157,5/8/2020,5/8/2020,40-Hour Site Safety Manager,SAF-102,"Certified Site Safety of NY, LLC",4W14,Yes,Online,,,,,5/20/2020,8:30 AM,2:00 PM,Robert Serino,English,Varies,Web,,"Provider: Certified Site Safety of NY, LLC; Instructor: Robert Serino (Language: English)",https://certifiedsitesafety.com/,914-437-5454,TL999,C37,5/20/2020,Safety Courses,N,,,
158,5/8/2020,5/8/2020,40-Hour Site Safety Manager,SAF-102,"Certified Site Safety of NY, LLC",4W14,Yes,Online,,,,,5/21/2020,8:30 AM,2:00 PM,Robert Serino,English,Varies,Web,,"Provider: Certified Site Safety of NY, LLC; Instructor: Robert Serino (Language: English)",https://certifiedsitesafety.com/,914-437-5454,TL999,C37,5/21/2020,Safety Courses,N,,,
159,5/8/2020,5/8/2020,40-Hour Site Safety Manager,SAF-102,"Certified Site Safety of NY, LLC",4W14,Yes,Online,,,,,5/22/2020,8:30 AM,2:00 PM,Robert Serino,English,Varies,Web,,"Provider: Certified Site Safety of NY, LLC; Instructor: Robert Serino (Language: English)",https://certifiedsitesafety.com/,914-437-5454,TL999,C37,5/22/2020,Safety Courses,N,,,
160,5/11/2020,5/8/2020,40-Hour Site Safety Manager,SAF-102,Compu21 Institute Corp.,2Q17,Yes,Online,,,,,5/13/2020,9:30 AM,7:00 PM,Kang Wang,English,$750 ,Web,,Provider: Compu21 Institute Corp.; Instructor: Kang Wang (Language: English),https://compu21safetytraining.com/,718-762-1900,TL999,C37,5/13/2020,Safety Courses,N,,,
161,5/11/2020,5/8/2020,40-Hour Site Safety Manager,SAF-102,Compu21 Institute Corp.,2Q17,Yes,Online,,,,,5/14/2020,9:30 AM,7:00 PM,Kang Wang,English,$750 ,Web,,Provider: Compu21 Institute Corp.; Instructor: Kang Wang (Language: English),https://compu21safetytraining.com/,718-762-1900,TL999,C37,5/14/2020,Safety Courses,N,,,
162,5/11/2020,5/8/2020,40-Hour Site Safety Manager,SAF-102,Compu21 Institute Corp.,2Q17,Yes,Online,,,,,5/15/2020,9:30 AM,7:00 PM,Kang Wang,English,$750 ,Web,,Provider: Compu21 Institute Corp.; Instructor: Kang Wang (Language: English),https://compu21safetytraining.com/,718-762-1900,TL999,C37,5/15/2020,Safety Courses,N,,,
163,5/11/2020,5/8/2020,40-Hour Site Safety Manager,SAF-102,Compu21 Institute Corp.,2Q17,Yes,Online,,,,,5/16/2020,9:30 AM,7:00 PM,Kang Wang,English,$750 ,Web,,Provider: Compu21 Institute Corp.; Instructor: Kang Wang (Language: English),https://compu21safetytraining.com/,718-762-1900,TL999,C37,5/16/2020,Safety Courses,N,,,
164,5/11/2020,5/8/2020,40-Hour Site Safety Manager,SAF-102,Compu21 Institute Corp.,2Q17,Yes,Online,,,,,5/17/2020,9:30 AM,7:00 PM,Kang Wang,English,$750 ,Web,,Provider: Compu21 Institute Corp.; Instructor: Kang Wang (Language: English),https://compu21safetytraining.com/,718-762-1900,TL999,C37,5/17/2020,Safety Courses,N,,,
165,5/11/2020,5/8/2020,8-Hour Master Rigger Renewal,CRA-202,"TSC Training Academy, LLC",4Q68,Yes,Online,,,,,5/12/2020,8:30 AM,5:00 PM,Denio Sturzeneker,English,Varies,Web,,"Provider: TSC Training Academy, LLC; Instructor: Denio Sturzeneker (Language: English)",https://www.tsctrainingacademy.com/,718-389-2103,TL999,C12,5/12/2020,Cranes & Derrick Courses,N,,,
166,5/11/2020,5/8/2020,8-Hour Site Safety Manager Refresher/Chapter 33,SAF-202,"TSC Training Academy, LLC",4Q68,Yes,Online,,,,,5/12/2020,8:30 AM,5:00 PM,Ernie Medaglia,English,Varies,Web,,"Provider: TSC Training Academy, LLC; Instructor: Ernie Medaglia (Language: English)",https://www.tsctrainingacademy.com/,718-389-2103,TL999,C36,5/12/2020,Prescribed Courses,Y,,,
167,5/11/2020,5/8/2020,8-Hour Fall Prevention,SST-307,"TSC Training Academy, LLC",4Q68,Yes,Online,,,,,5/13/2020,8:30 AM,5:00 PM,Jack LaMantia,English,Varies,Web,,"Provider: TSC Training Academy, LLC; Instructor: Jack LaMantia (Language: English)",https://www.tsctrainingacademy.com/,718-389-2103,TL999,C35,5/13/2020,Prescribed Courses,Y,,,
168,5/11/2020,5/8/2020,1-Hour First Aid and CPR,SST-104,"TSC Training Academy, LLC",4Q68,Yes,Online,,,,,5/13/2020,8:30 AM,9:30 AM,Javier Gallardo,English,Varies,Web,,"Provider: TSC Training Academy, LLC; Instructor: Javier Gallardo (Language: English)",https://www.tsctrainingacademy.com/,718-389-2103,TL999,C18,5/13/2020,General Elective Courses,Y,,,
169,5/11/2020,5/8/2020,1-Hour Hoisting and Rigging,SST-106,"TSC Training Academy, LLC",4Q68,Yes,Online,,,,,5/13/2020,9:30 AM,10:30 AM,Javier Gallardo,English,Varies,Web,,"Provider: TSC Training Academy, LLC; Instructor: Javier Gallardo (Language: English)",https://www.tsctrainingacademy.com/,718-389-2103,TL999,C20,5/13/2020,General Elective Courses,Y,,,
170,5/11/2020,5/8/2020,1-Hour Asbestos/Lead Awareness,SST-201,"TSC Training Academy, LLC",4Q68,Yes,Online,,,,,5/13/2020,10:45 AM,11:45 AM,Javier Gallardo,English,Varies,Web,,"Provider: TSC Training Academy, LLC; Instructor: Javier Gallardo (Language: English)",https://www.tsctrainingacademy.com/,718-389-2103,TL999,C48,5/13/2020,Specialized Elective Courses,Y,,,
171,5/11/2020,5/8/2020,1-Hour Flag Person,SST-208,"TSC Training Academy, LLC",4Q68,Yes,Online,,,,,5/13/2020,11:45 AM,12:45 PM,Javier Gallardo,English,Varies,Web,,"Provider: TSC Training Academy, LLC; Instructor: Javier Gallardo (Language: English)",https://www.tsctrainingacademy.com/,718-389-2103,TL999,C55,5/13/2020,Specialized Elective Courses,Y,,,
172,5/11/2020,5/8/2020,8-Hour Fall Prevention,SST-307,"TSC Training Academy, LLC",4Q68,Yes,Online,,,,,5/14/2020,8:30 AM,5:00 PM,Angel Medina,English,Varies,Web,,"Provider: TSC Training Academy, LLC; Instructor: Angel Medina (Language: English)",https://www.tsctrainingacademy.com/,718-389-2103,TL999,C35,5/14/2020,Prescribed Courses,Y,,,
173,5/11/2020,5/8/2020,8-Hour Site Safety Manager Refresher/Chapter 33,SAF-202,"TSC Training Academy, LLC",4Q68,Yes,Online,,,,,5/14/2020,8:30 AM,5:00 PM,Denio Sturzeneker,English,Varies,Web,,"Provider: TSC Training Academy, LLC; Instructor: Denio Sturzeneker (Language: English)",https://www.tsctrainingacademy.com/,718-389-2103,TL999,C36,5/14/2020,Prescribed Courses,Y,,,
174,5/11/2020,5/8/2020,2-Hour Drug and Alcohol Awareness,SST-302,"TSC Training Academy, LLC",4Q68,Yes,Online,,,,,5/14/2020,2:00 PM,4:00 PM,Javier Gallardo,English,Varies,Web,,"Provider: TSC Training Academy, LLC; Instructor: Javier Gallardo (Language: English)",https://www.tsctrainingacademy.com/,718-389-2103,TL999,C30,5/14/2020,Prescribed Courses,Y,,,
175,5/11/2020,5/8/2020,8-Hour Fall Prevention,SST-307,"TSC Training Academy, LLC",4Q68,Yes,Online,,,,,5/15/2020,8:30 AM,5:00 PM,Angel Medina,Spanish,Varies,Web,,"Provider: TSC Training Academy, LLC; Instructor: Angel Medina (Language: Spanish)",https://www.tsctrainingacademy.com/,718-389-2103,TL999,C35,5/15/2020,Prescribed Courses,Y,,,
176,5/11/2020,5/8/2020,2-Hour Drug and Alcohol Awareness,SST-302,"TSC Training Academy, LLC",4Q68,Yes,Online,,,,,5/15/2020,8:30 AM,10:30 AM,Dawid Ditrich,English,Varies,Web,,"Provider: TSC Training Academy, LLC; Instructor: Dawid Ditrich (Language: English)",https://www.tsctrainingacademy.com/,718-389-2103,TL999,C30,5/15/2020,Prescribed Courses,Y,,,
177,5/11/2020,5/8/2020,2-Hour Pre-Task Meeting,SST-303,"TSC Training Academy, LLC",4Q68,Yes,Online,,,,,5/15/2020,10:40 AM,12:40 PM,Dawid Ditrich,English,Varies,Web,,"Provider: TSC Training Academy, LLC; Instructor: Dawid Ditrich (Language: English)",https://www.tsctrainingacademy.com/,718-389-2103,TL999,C31,5/15/2020,Prescribed Courses,Y,,,
178,5/11/2020,5/8/2020,2-Hour Site Safety Plan (SSP),SST-301,"TSC Training Academy, LLC",4Q68,Yes,Online,,,,,5/15/2020,1:00 PM,3:00 PM,Dawid Ditrich,English,Varies,Web,,"Provider: TSC Training Academy, LLC; Instructor: Dawid Ditrich (Language: English)",https://www.tsctrainingacademy.com/,718-389-2103,TL999,C32,5/15/2020,Prescribed Courses,Y,,,
179,5/11/2020,5/8/2020,2-Hour Tool Box Talks,SST-304,"TSC Training Academy, LLC",4Q68,Yes,Online,,,,,5/15/2020,3:15 PM,5:15 PM,Dawid Ditrich,English,Varies,Web,,"Provider: TSC Training Academy, LLC; Instructor: Dawid Ditrich (Language: English)",https://www.tsctrainingacademy.com/,718-389-2103,TL999,C29,5/15/2020,Prescribed Courses,Y,,,
180,5/11/2020,5/8/2020,4-Hour Supported Scaffold User and Refresher,SCA-201,"TSC Training Academy, LLC",4Q68,Yes,Online,,,,,5/15/2020,9:00 AM,1:30 PM,Javier Gallardo,Spanish,Varies,Web,,"Provider: TSC Training Academy, LLC; Instructor: Javier Gallardo (Language: Spanish)",https://www.tsctrainingacademy.com/,718-389-2103,TL999,C34,5/15/2020,Prescribed Courses,Y,,,
181,5/11/2020,5/8/2020,2-Hour Drug and Alcohol Awareness,SST-302,"TSC Training Academy, LLC",4Q68,Yes,Online,,,,,5/15/2020,2:00 PM,4:00 PM,Javier Gallardo,Spanish,Varies,Web,,"Provider: TSC Training Academy, LLC; Instructor: Javier Gallardo (Language: Spanish)",https://www.tsctrainingacademy.com/,718-389-2103,TL999,C30,5/15/2020,Prescribed Courses,Y,,,
182,5/11/2020,5/8/2020,40-Hour Site Safety Manager,SAF-102,"TSC Training Academy, LLC",4Q68,Yes,Online,,,,,5/16/2020,8:30 AM,5:00 PM,Ernie Medaglia,English,Varies,Web,,"Provider: TSC Training Academy, LLC; Instructor: Ernie Medaglia (Language: English)",https://www.tsctrainingacademy.com/,718-389-2103,TL999,C37,5/16/2020,Safety Courses,N,,,
183,5/8/2020,5/8/2020,16-Hour Suspended Scaffold User,SCA-103,"Andromeda Academy, LLC",4Q04,Yes,Online,,,,,5/10/2020,8:00 AM,5:00 PM,Victor Goris,spanish,$400 ,Web,"VirtualClassroom via  ZOOM , https://zoom.us/j/2480106275,  00000","Provider: Andromeda Academy, LLC; Instructor: Victor Goris (Language: spanish)",http://andromedaacademy.com/,347-510-4283,TL999,C41,5/10/2020,Scaffold Courses,N,,,
184,5/8/2020,5/8/2020,8-Hour Fall Prevention,SST-307,"Pro Safety Services, LLC",4W51,,139 East 56th Street,2nd Floor,Manhattan,NY,10022,5/11/2020,8:00 AM,10:00 AM,John McCarthy,English,Varies,Manhattan,"139 East 56th Street #2nd Floor, Manhattan, NY 10022","Provider: Pro Safety Services, LLC; Instructor: John McCarthy (Language: English)",https://www.prosafetyllc.com/,914-654-4870,TL001,C35,5/11/2020,Prescribed Courses,Y,139 East 56th Street 10022,40.7602549,-73.9717857
185,5/8/2020,5/8/2020,8-Hour Fall Prevention,SST-307,"Pro Safety Services, LLC",4W51,,139 East 56th Street,2nd Floor,Manhattan,NY,10022,5/12/2020,8:00 AM,10:00 AM,John McCarthy,English,Varies,Manhattan,"139 East 56th Street #2nd Floor, Manhattan, NY 10022","Provider: Pro Safety Services, LLC; Instructor: John McCarthy (Language: English)",https://www.prosafetyllc.com/,914-654-4870,TL001,C35,5/12/2020,Prescribed Courses,Y,139 East 56th Street 10022,40.7602549,-73.9717857
186,5/8/2020,5/8/2020,8-Hour Fall Prevention,SST-307,"Pro Safety Services, LLC",4W51,,139 East 56th Street,2nd Floor,Manhattan,NY,10022,5/13/2020,8:00 AM,10:00 AM,John McCarthy,English,Varies,Manhattan,"139 East 56th Street #2nd Floor, Manhattan, NY 10022","Provider: Pro Safety Services, LLC; Instructor: John McCarthy (Language: English)",https://www.prosafetyllc.com/,914-654-4870,TL001,C35,5/13/2020,Prescribed Courses,Y,139 East 56th Street 10022,40.7602549,-73.9717857
187,5/8/2020,5/8/2020,8-Hour Fall Prevention,SST-307,"Pro Safety Services, LLC",4W51,,139 East 56th Street,2nd Floor,Manhattan,NY,10022,5/14/2020,8:00 AM,10:00 AM,John McCarthy,English,Varies,Manhattan,"139 East 56th Street #2nd Floor, Manhattan, NY 10022","Provider: Pro Safety Services, LLC; Instructor: John McCarthy (Language: English)",https://www.prosafetyllc.com/,914-654-4870,TL001,C35,5/14/2020,Prescribed Courses,Y,139 East 56th Street 10022,40.7602549,-73.9717857
188,5/8/2020,5/8/2020,2-Hour Drug and Alcohol Awareness,SST-302,"Pro Safety Services, LLC",4W51,,139 East 56th Street,2nd Floor,Manhattan,NY,10022,5/15/2020,8:00 AM,10:00 AM,John McCarthy,English,Varies,Manhattan,"139 East 56th Street #2nd Floor, Manhattan, NY 10022","Provider: Pro Safety Services, LLC; Instructor: John McCarthy (Language: English)",https://www.prosafetyllc.com/,914-654-4870,TL001,C30,5/15/2020,Prescribed Courses,Y,139 East 56th Street 10022,40.7602549,-73.9717857
189,5/4/2020,5/1/2020,32-Hour Supported Scaffold Installer and Remover,SCA-102,Valor Consulting,4B85,,457 N. MAIN ST ,MAIN BLDG,MOSCOW,PA,18444,4/5/2020,6:00 AM,2:30 PM,WILLIAM SCHWICKRATH,English,Varies,Outside NYC,"457 N. MAIN ST  #MAIN BLDG, MOSCOW, PA 18444",Provider: Valor Consulting; Instructor: WILLIAM SCHWICKRATH (Language: English),https://www.valorsafetyservices.com/,718-484-8122,TL002,C42,4/5/2020,Scaffold Courses,N,457 N. MAIN ST  18444,41.3473237,-75.5250902
190,5/4/2020,5/1/2020,32-Hour Supported Scaffold Installer and Remover,SCA-102,Valor Consulting,4B85,,457 N. MAIN ST ,MAIN BLDG,MOSCOW,PA,18444,4/6/2020,6:00 AM,2:30 PM,WILLIAM SCHWICKRATH,English,Varies,Outside NYC,"457 N. MAIN ST  #MAIN BLDG, MOSCOW, PA 18444",Provider: Valor Consulting; Instructor: WILLIAM SCHWICKRATH (Language: English),https://www.valorsafetyservices.com/,718-484-8122,TL002,C42,4/6/2020,Scaffold Courses,N,457 N. MAIN ST  18444,41.3473237,-75.5250902
191,5/4/2020,5/1/2020,32-Hour Supported Scaffold Installer and Remover,SCA-102,Valor Consulting,4B85,,457 N. MAIN ST ,MAIN BLDG,MOSCOW,PA,18444,4/7/2020,6:00 AM,2:30 PM,WILLIAM SCHWICKRATH,English,Varies,Outside NYC,"457 N. MAIN ST  #MAIN BLDG, MOSCOW, PA 18444",Provider: Valor Consulting; Instructor: WILLIAM SCHWICKRATH (Language: English),https://www.valorsafetyservices.com/,718-484-8122,TL002,C42,4/7/2020,Scaffold Courses,N,457 N. MAIN ST  18444,41.3473237,-75.5250902
192,5/4/2020,5/1/2020,32-Hour Supported Scaffold Installer and Remover,SCA-102,Valor Consulting,4B85,,457 N. MAIN ST ,MAIN BLDG,MOSCOW,PA,18444,4/8/2020,6:00 AM,2:30 PM,WILLIAM SCHWICKRATH,English,Varies,Outside NYC,"457 N. MAIN ST  #MAIN BLDG, MOSCOW, PA 18444",Provider: Valor Consulting; Instructor: WILLIAM SCHWICKRATH (Language: English),https://www.valorsafetyservices.com/,718-484-8122,TL002,C42,4/8/2020,Scaffold Courses,N,457 N. MAIN ST  18444,41.3473237,-75.5250902
193,5/4/2020,5/1/2020,16-Hour Rigging Worker,CRA-103,Valor Consulting,4B85,,457 N. MAIN ST ,MAIN BLDG,MOSCOW,PA,18444,4/3/2020,7:00 AM,3:30 PM,WILLIAM SCHWICKRATH,English,Varies,Outside NYC,"457 N. MAIN ST  #MAIN BLDG, MOSCOW, PA 18444",Provider: Valor Consulting; Instructor: WILLIAM SCHWICKRATH (Language: English),https://www.valorsafetyservices.com/,718-484-8122,TL002,C04,4/3/2020,Cranes & Derrick Courses,N,457 N. MAIN ST  18444,41.3473237,-75.5250902
194,5/4/2020,5/1/2020,16-Hour Rigging Worker,CRA-103,Valor Consulting,4B85,,457 N. MAIN ST ,MAIN BLDG,MOSCOW,PA,18444,4/3/2020,1:00 PM,9:30 PM,WILLIAM SCHWICKRATH,English,Varies,Outside NYC,"457 N. MAIN ST  #MAIN BLDG, MOSCOW, PA 18444",Provider: Valor Consulting; Instructor: WILLIAM SCHWICKRATH (Language: English),https://www.valorsafetyservices.com/,718-484-8122,TL002,C04,4/3/2020,Cranes & Derrick Courses,N,457 N. MAIN ST  18444,41.3473237,-75.5250902
195,5/7/2020,5/6/2020,16-Hour Rigger Supervisor Refresher,CRA-401,Valor Consulting,4B85,,457 N. MAIN ST ,MAIN BLDG,MOSCOW,PA,18444,5/9/2020,6:00 AM,2:00 PM,WILLIAM SCHWICKRATH,English,Varies,Outside NYC,"457 N. MAIN ST  #MAIN BLDG, MOSCOW, PA 18444",Provider: Valor Consulting; Instructor: WILLIAM SCHWICKRATH (Language: English),https://www.valorsafetyservices.com/,718-484-8122,TL002,C03,5/9/2020,Cranes & Derrick Courses,N,457 N. MAIN ST  18444,41.3473237,-75.5250902
196,5/7/2020,5/6/2020,16-Hour Rigger Supervisor Refresher,CRA-401,Valor Consulting,4B85,,457 N. MAIN ST ,MAIN BLDG,MOSCOW,PA,18444,5/10/2020,6:00 AM,2:00 PM,WILLIAM SCHWICKRATH,English,Varies,Outside NYC,"457 N. MAIN ST  #MAIN BLDG, MOSCOW, PA 18444",Provider: Valor Consulting; Instructor: WILLIAM SCHWICKRATH (Language: English),https://www.valorsafetyservices.com/,718-484-8122,TL002,C03,5/10/2020,Cranes & Derrick Courses,N,457 N. MAIN ST  18444,41.3473237,-75.5250902
197,5/7/2020,5/6/2020,8-Hour Fall Prevention,SST-307,Valor Consulting,4B85,,457 N. MAIN ST ,MAIN BLDG,MOSCOW,PA,18444,5/9/2020,2:30 PM,10:30 PM,WILLIAM SCHWICKRATH,English,Varies,Outside NYC,"457 N. MAIN ST  #MAIN BLDG, MOSCOW, PA 18444",Provider: Valor Consulting; Instructor: WILLIAM SCHWICKRATH (Language: English),https://www.valorsafetyservices.com/,718-484-8122,TL002,C35,5/9/2020,Prescribed Courses,Y,457 N. MAIN ST  18444,41.3473237,-75.5250902
198,5/7/2020,5/6/2020,2-Hour Drug and Alcohol Awareness,SST-302,Valor Consulting,4B85,,457 N. MAIN ST ,MAIN BLDG,MOSCOW,PA,18444,5/11/2020,10:00 AM,12:00 PM,WILLIAM SCHWICKRATH,English,Varies,Outside NYC,"457 N. MAIN ST  #MAIN BLDG, MOSCOW, PA 18444",Provider: Valor Consulting; Instructor: WILLIAM SCHWICKRATH (Language: English),https://www.valorsafetyservices.com/,718-484-8122,TL002,C30,5/11/2020,Prescribed Courses,Y,457 N. MAIN ST  18444,41.3473237,-75.5250902
199,5/7/2020,5/6/2020,2-Hour Pre-Task Meeting,SST-303,Valor Consulting,4B85,,457 N. MAIN ST ,MAIN BLDG,MOSCOW,PA,18444,5/11/2020,12:00 PM,2:00 PM,WILLIAM SCHWICKRATH,English,Varies,Outside NYC,"457 N. MAIN ST  #MAIN BLDG, MOSCOW, PA 18444",Provider: Valor Consulting; Instructor: WILLIAM SCHWICKRATH (Language: English),https://www.valorsafetyservices.com/,718-484-8122,TL002,C31,5/11/2020,Prescribed Courses,Y,457 N. MAIN ST  18444,41.3473237,-75.5250902
200,5/7/2020,5/6/2020,2-Hour Tool Box Talks,SST-304,Valor Consulting,4B85,,457 N. MAIN ST ,MAIN BLDG,MOSCOW,PA,18444,5/11/2020,2:00 PM,4:00 PM,WILLIAM SCHWICKRATH,English,Varies,Outside NYC,"457 N. MAIN ST  #MAIN BLDG, MOSCOW, PA 18444",Provider: Valor Consulting; Instructor: WILLIAM SCHWICKRATH (Language: English),https://www.valorsafetyservices.com/,718-484-8122,TL002,C29,5/11/2020,Prescribed Courses,Y,457 N. MAIN ST  18444,41.3473237,-75.5250902
201,5/7/2020,5/6/2020,2-Hour Site Safety Plan (SSP),SST-301,Valor Consulting,4B85,,457 N. MAIN ST ,MAIN BLDG,MOSCOW,PA,18444,5/11/2020,4:00 PM,6:00 PM,WILLIAM SCHWICKRATH,English,Varies,Outside NYC,"457 N. MAIN ST  #MAIN BLDG, MOSCOW, PA 18444",Provider: Valor Consulting; Instructor: WILLIAM SCHWICKRATH (Language: English),https://www.valorsafetyservices.com/,718-484-8122,TL002,C32,5/11/2020,Prescribed Courses,Y,457 N. MAIN ST  18444,41.3473237,-75.5250902
202,5/7/2020,5/6/2020,4-Hour Supported Scaffold User and Refresher,SCA-201,Valor Consulting,4B85,,457 N. MAIN ST ,MAIN BLDG,MOSCOW,PA,18444,5/11/2020,6:30 PM,10:30 PM,WILLIAM SCHWICKRATH,English,Varies,Outside NYC,"457 N. MAIN ST  #MAIN BLDG, MOSCOW, PA 18444",Provider: Valor Consulting; Instructor: WILLIAM SCHWICKRATH (Language: English),https://www.valorsafetyservices.com/,718-484-8122,TL002,C34,5/11/2020,Prescribed Courses,Y,457 N. MAIN ST  18444,41.3473237,-75.5250902
203,5/7/2020,5/6/2020,8-Hour Site Safety Manager Refresher/Chapter 33,SAF-202,Valor Consulting,4B85,,457 N. MAIN ST ,MAIN BLDG,MOSCOW,PA,18444,5/12/2020,6:00 AM,2:30 PM,WILLIAM SCHWICKRATH,English,Varies,Outside NYC,"457 N. MAIN ST  #MAIN BLDG, MOSCOW, PA 18444",Provider: Valor Consulting; Instructor: WILLIAM SCHWICKRATH (Language: English),https://www.valorsafetyservices.com/,718-484-8122,TL002,C36,5/12/2020,Prescribed Courses,Y,457 N. MAIN ST  18444,41.3473237,-75.5250902
204,5/7/2020,5/6/2020,1-Hour Asbestos/Lead Awareness,SST-201,Valor Consulting,4B85,,457 N. MAIN ST ,MAIN BLDG,MOSCOW,PA,18444,5/12/2020,3:00 PM,4:00 PM,WILLIAM SCHWICKRATH,English,Varies,Outside NYC,"457 N. MAIN ST  #MAIN BLDG, MOSCOW, PA 18444",Provider: Valor Consulting; Instructor: WILLIAM SCHWICKRATH (Language: English),https://www.valorsafetyservices.com/,718-484-8122,TL002,C48,5/12/2020,Specialized Elective Courses,Y,457 N. MAIN ST  18444,41.3473237,-75.5250902
205,5/7/2020,5/6/2020,1-Hour Confined Space Entry,SST-202,Valor Consulting,4B85,,457 N. MAIN ST ,MAIN BLDG,MOSCOW,PA,18444,5/12/2020,4:00 PM,5:00 PM,WILLIAM SCHWICKRATH,English,Varies,Outside NYC,"457 N. MAIN ST  #MAIN BLDG, MOSCOW, PA 18444",Provider: Valor Consulting; Instructor: WILLIAM SCHWICKRATH (Language: English),https://www.valorsafetyservices.com/,718-484-8122,TL002,C50,5/12/2020,Specialized Elective Courses,Y,457 N. MAIN ST  18444,41.3473237,-75.5250902
206,5/7/2020,5/6/2020,1-Hour Electrocution Prevention,SST-102,Valor Consulting,4B85,,457 N. MAIN ST ,MAIN BLDG,MOSCOW,PA,18444,5/12/2020,5:00 PM,6:00 PM,WILLIAM SCHWICKRATH,English,Varies,Outside NYC,"457 N. MAIN ST  #MAIN BLDG, MOSCOW, PA 18444",Provider: Valor Consulting; Instructor: WILLIAM SCHWICKRATH (Language: English),https://www.valorsafetyservices.com/,718-484-8122,TL002,C16,5/12/2020,General Elective Courses,Y,457 N. MAIN ST  18444,41.3473237,-75.5250902
207,5/7/2020,5/6/2020,1-Hour First Aid and CPR,SST-104,Valor Consulting,4B85,,457 N. MAIN ST ,MAIN BLDG,MOSCOW,PA,18444,5/12/2020,6:00 PM,7:00 PM,WILLIAM SCHWICKRATH,English,Varies,Outside NYC,"457 N. MAIN ST  #MAIN BLDG, MOSCOW, PA 18444",Provider: Valor Consulting; Instructor: WILLIAM SCHWICKRATH (Language: English),https://www.valorsafetyservices.com/,718-484-8122,TL002,C18,5/12/2020,General Elective Courses,Y,457 N. MAIN ST  18444,41.3473237,-75.5250902
208,5/12/2020,5/12/2020,8-Hour Fall Prevention,SST-307,Valor Consulting,4B85,,457 N. MAIN ST ,MAIN BLDG,MOSCOW,PA,18444,5/15/2020,6:00 AM,2:30 PM,WILLIAM SCHWICKRATH,English,Varies,Outside NYC,"457 N. MAIN ST  #MAIN BLDG, MOSCOW, PA 18444",Provider: Valor Consulting; Instructor: WILLIAM SCHWICKRATH (Language: English),https://www.valorsafetyservices.com/,718-484-8122,TL002,C35,5/15/2020,Prescribed Courses,Y,457 N. MAIN ST  18444,41.3473237,-75.5250902
209,5/12/2020,5/12/2020,2-Hour Drug and Alcohol Awareness,SST-302,Valor Consulting,4B85,,457 N. MAIN ST ,MAIN BLDG,MOSCOW,PA,18444,5/15/2020,3:00 PM,5:00 PM,WILLIAM SCHWICKRATH,English,Varies,Outside NYC,"457 N. MAIN ST  #MAIN BLDG, MOSCOW, PA 18444",Provider: Valor Consulting; Instructor: WILLIAM SCHWICKRATH (Language: English),https://www.valorsafetyservices.com/,718-484-8122,TL002,C30,5/15/2020,Prescribed Courses,Y,457 N. MAIN ST  18444,41.3473237,-75.5250902
210,5/14/2020,5/14/2020,16-Hour Suspended Scaffold User,SCA-103,Valor Consulting,4B85,,457 N. MAIN ST ,MAIN BLDG,MOSCOW,PA,18444,5/16/2020,7:00 AM,3:30 PM,WILLIAM SCHWICKRATH,English,,Outside NYC,"457 N. MAIN ST  #MAIN BLDG, MOSCOW, PA 18444",Provider: Valor Consulting; Instructor: WILLIAM SCHWICKRATH (Language: English),https://www.valorsafetyservices.com/,718-484-8122,TL002,C41,5/16/2020,Scaffold Courses,N,457 N. MAIN ST  18444,41.3473237,-75.5250902
211,5/14/2020,5/14/2020,16-Hour Suspended Scaffold User,SCA-103,Valor Consulting,4B85,,457 N. MAIN ST ,MAIN BLDG,MOSCOW,PA,18444,5/17/2020,7:00 AM,3:30 PM,WILLIAM SCHWICKRATH,English,,Outside NYC,"457 N. MAIN ST  #MAIN BLDG, MOSCOW, PA 18444",Provider: Valor Consulting; Instructor: WILLIAM SCHWICKRATH (Language: English),https://www.valorsafetyservices.com/,718-484-8122,TL002,C41,5/17/2020,Scaffold Courses,N,457 N. MAIN ST  18444,41.3473237,-75.5250902
212,5/7/2020,5/6/2020,16-Hour Suspended Scaffold User,SCA-103,"Andromeda Academy, LLC",4Q04,,49-29 31st Street,,Long Island City,NY,11101,5/9/2020,8:00 AM,5:00 PM,Victor Goris,Spanish,$400 ,Queens,"49-29 31st Street, Long Island City, NY 11101","Provider: Andromeda Academy, LLC; Instructor: Victor Goris (Language: Spanish)",http://andromedaacademy.com/,347-510-4283,TL003,C41,5/9/2020,Scaffold Courses,N,49-29 31st Street 11101,40.739468,-73.936052
213,5/8/2020,5/8/2020,16-Hour Suspended Scaffold User,SCA-103,"Andromeda Academy, LLC",4Q04,,49-29 31st Street,,Long Island City,NY,11101,5/9/2020,8:00 AM,5:00 PM,Victor Goris,spanish,$400 ,Queens,"49-29 31st Street, Long Island City, NY 11101","Provider: Andromeda Academy, LLC; Instructor: Victor Goris (Language: spanish)",http://andromedaacademy.com/,347-510-4283,TL003,C41,5/9/2020,Scaffold Courses,N,49-29 31st Street 11101,40.739468,-73.936052
214,5/12/2020,5/11/2020,4-Hour Supported Scaffold User and Refresher,SCA-201,"Andromeda Academy, LLC",4Q04,,49-29 31st Street,,Long Island City,NY,11101,5/14/2020,4:00 PM,8:30 PM,Victor Goris,Spanish,$110 ,Queens,"49-29 31st Street, Long Island City, NY 11101","Provider: Andromeda Academy, LLC; Instructor: Victor Goris (Language: Spanish)",http://andromedaacademy.com/,347-510-4283,TL003,C34,5/14/2020,Prescribed Courses,Y,49-29 31st Street 11101,40.739468,-73.936052
215,5/8/2020,5/8/2020,8-Hour Fall Prevention,SST-307,Valor Consulting,4B85,,626 SHEEPSHEAD BAY RD ,510,BROOKLYN,NY,11224,5/15/2020,8:00 AM,4:00 PM,RICHARD MARINI,English,Varies,Brooklyn,"626 SHEEPSHEAD BAY RD  #510, BROOKLYN, NY 11224",Provider: Valor Consulting; Instructor: RICHARD MARINI (Language: English),https://www.valorsafetyservices.com/,718-484-8122,TL004,C35,5/15/2020,Prescribed Courses,Y,626 SHEEPSHEAD BAY RD  11224,40.5789592,-73.9775237
216,5/8/2020,5/8/2020,2-Hour Drug and Alcohol Awareness,SST-302,Valor Consulting,4B85,,626 SHEEPSHEAD BAY RD ,510,BROOKLYN,NY,11224,5/15/2020,4:00 PM,6:00 PM,RICHARD MARINI,English,Varies,Brooklyn,"626 SHEEPSHEAD BAY RD  #510, BROOKLYN, NY 11224",Provider: Valor Consulting; Instructor: RICHARD MARINI (Language: English),https://www.valorsafetyservices.com/,718-484-8122,TL004,C30,5/15/2020,Prescribed Courses,Y,626 SHEEPSHEAD BAY RD  11224,40.5789592,-73.9775237
